street_name,from,to,treatment,verified_sy,resurfaced_year,square_yards,street_id,street_name_merge,COR_BEGIN_,COR_END_DE,utility_poles,light_poles,sidewalks,notes
AIRLINE DR,SANDIA DR,RIDGE RD,ARA-Ti,2630,2022,2630,1,AIRLINE DR,SANDIA DR,RIDGE RD,Yes,Yes,No,
ARBOR GRANDE WY,SANDY FORKS RD,MOUNTAIN BROOK LN,ARA-Ti,3300,2019,3300,2,ARBOR GRANDE WY,SANDY FORKS RD,MOUNTAIN BROOK LN,No,Yes,Yes,
ARROW DR,GLENWOOD AVE,SUMMIT PARK LN,ARA-Ti,2571,2022,2571,3,ARROW DR,GLENWOOD AVE,SUMMIT PARK LN,Yes,Yes,Yes,
ASHBURTON RD,KAPLAN DR,LILES RD,ARA-Ti,5396,2022,5396,4,ASHBURTON RD,KAPLAN DR,LILES RD,Yes,No,No,
BATTERY DR,POOLE RD,E DAVIE ST,ARA-Ti,6270,2022,6270,5,BATTERY DR,POOLE RD,E DAVIE ST,Yes,Yes,No,
BELGREEN CT,CHATFORD DR,CDS,ARA-Ti,850,2022,850,6,BELGREEN CT,CHATFORD DR,CDS,No,Yes,No,
BELLOW ST,CDS,NORTHCLIFT DR,ARA-Ti,3882,2022,3882,7,BELLOW ST,CDS,NORTHCLIFT DR,No,Yes,Yes,
BUCK SPRING CT,HORIZON HIKE CT,CDS,ARA-Ti,623,2019,623,8,BUCK SPRING CT,HORIZON HIKE CT,CDS,No,No,No,
CALEDONIA ST,NORTHCLIFT DR,BELLOW ST,ARA-Ti,1969,2022,1969,9,CALEDONIA ST,NORTHCLIFT DR,BELLOW ST,No,Yes,Yes,intersects with Northclift in two places - use shorter segment if any
CASSIMIR CT,FARLOW GAP LN,CDS,ARA-Ti,713,2019,713,10,CASSIMIR CT,FARLOW GAP LN,CDS,No,No,No,
CATARA DR,FALLS RIVER AV,COKESBURY LN,ARA-Ti,979,2019,979,11,CATARA DR,FALLS RIVER AV,COKESBURY LN,No,Yes,Yes,
CAVALIER ST,MARINER CIR,LAWRENCE DR,ARA-Ti,1200,2022,1200,12,CAVALIER ST,MARINER CIR,LAWRENCE DR,No,Yes,No,
CHATFORD DR,LEESVILLE RD,CDS,ARA-Ti,4700,2022,4700,13,CHATFORD DR,LEESVILLE RD,CDS,No,Yes,Yes,
CHATHAM LN,MILBURNIE RD,CRABTREE BLVD,ARA-Ti,9811,2022,9811,14,CHATHAM LN,MILBURNIE RD,CRABTREE BLVD,Yes,No,No,
CRABTREE BLVD,CDS,BEG PVMT #1021,ARA-Ti,5545,2022,5545,15,CRABTREE BV,CDS,BEG PVMT #1021,Yes,No,No,disjointed - we only want one segment near lockwood park
ERINRIDGE RD,ROCKY STREAM LN,MAYRIDGE LN,ARA-Ti,2890,2019,2890,16,ERINRIDGE RD,ROCKY STREAM LN,MAYRIDGE LN,No,Yes,Yes,
FAIRBURN CT,PONY RUN RD,CDS,ARA-Ti,745,2022,745,17,FAIRBURN CT,PONY RUN RD,CDS,No,No,No,
FARLOW GAP LN,HORIZON HIKE CT,CDS,ARA-Ti,3340,2019,3340,18,FARLOW GAP LN,HORIZON HIKE CT,CDS,No,Yes,Yes,
FARMINGTON GROVE DR,FALLS RIVER AV,OAKBORO DR,ARA-Ti,8252,2022,8252,19,FARMINGTON GROVE DR,FALLS RIVER AV,OAKBORO DR,No,Yes,Yes,"based on length, must be the whole street"
FILIGREE CT,FALLS RIVER AV,CDS,ARA-Ti,1588,2019,1588,20,FILIGREE CT,FALLS RIVER AV,CDS,No,Yes,Yes,
FIRESTONE LN,EAGLE TRACE DR,FOREST HIGHLAND DR,ARA-Ti,480,2022,480,21,FIRESTONE LN,EAGLE TRACE DR,FOREST HIGHLAND DR,No,No,No,
FOREST HIGHLAND DR L,LAUREL VALLEY WAY,LAUREL VALLEY WAY,ARA-Ti,5900,2022,5900,22,FOREST HIGHLAND DR,LAUREL VALLEY WAY,LAUREL VALLEY WAY,No,Yes,No,
GRAND CYPRESS CT,WILD DUNES DR,CDS,ARA-Ti,1895,2022,1895,23,GRAND CYPRESS CT,WILD DUNES DR,CDS,No,Yes,No,
GREYSTONE DR,PONY RUN RD,PONY RUN RD,ARA-Ti,4453,2022,4453,24,GREYSTONE DR,PONY RUN RD,PONY RUN RD,No,Yes,Yes,
GROVEWOOD PL,GROVE AV,CDS,ARA-Ti,1257,2019,1257,25,GROVEWOOD PL,GROVE AV,CDS,No,No,No,
HAMPTON RD,RIDGE RD,KIPAWA ST,ARA-Ti,4387,2022,4387,26,HAMPTON RD,RIDGE RD,KIPAWA ST,Yes,Yes,No,
HARBOUR TOWNE DR,SOUTHALL EXT RD,CIRCLE,ARA-Ti,3344,2022,3344,27,HARBOUR TOWNE DR,SOUTHALL EXT RD,CIRCLE,No,No,No,Unclear if the circle would be included
HARVEST OAKS DR,STRICKLAND RD,LEAD MINE RD,ARA-Ti,5225,2022,5225,28,HARVEST OAKS DR,STRICKLAND RD,LEAD MINE RD,No,Yes,Yes,
HIGHWOODS BV,CAPITAL BLVD,ATLANTIC AVE,ARA-Ti,22000,2019,22000,29,HIGHWOODS BV,CAPITAL BLVD,ATLANTIC AVE,No,Yes,No,
HILL ST,OAKWOOD AV,MILBURNIE RD,ARA-Ti,3258,2022,3258,30,HILL ST,OAKWOOD AV,MILBURNIE RD,Yes,Yes,Yes,
HORIZON HIKE CT,ALDER RIDGE LN,CDS,ARA-Ti,2256,2019,2256,31,HORIZON HIKE CT,ALDER RIDGE LN,CDS,No,Yes,Yes,
HUNTLEIGH DR,CAPITAL BLVD,NEW HOPE CHURCH RD,ARA-Ti,20700,2022,20700,32,HUNTLEIGH DR,CAPITAL BLVD,NEW HOPE CHURCH RD,No,Yes,Yes,
INDIANWOOD CT,W. CDS,E. CDS,ARA-Ti,2100,2022,2100,33,INDIANWOOD CT,W. CDS,E. CDS,No,Yes,No,
KAPLAN DR,GORMAN ST,KENT RD,ARA-Ti,7133,2019,7133,34,KAPLAN DR,GORMAN ST,KENT RD,No,Yes,Yes,
KIMBERLY DR,GUNNISON PL,NORTH HILLS DR,ARA-Ti,5011,2019,5011,35,KIMBERLY DR,GUNNISON PL,NORTH HILLS DR,Yes,Yes,No,
KIPAWA ST,HAMPTON RD,SANDIA DR,ARA-Ti,1799,2022,1799,36,KIPAWA ST,HAMPTON RD,SANDIA DR,Yes,Yes,No,
LAUREL FALLS LN,TRAILWOOD HILLS DR,ALDER RIDGE LN,ARA-Ti,3426,2019,3426,37,LAUREL FALLS LN,TRAILWOOD HILLS DR,ALDER RIDGE LN,No,Yes,Yes,
LAUREL VALLEY WY,EAGLE TRACE DR,END PVMT #2324,ARA-Ti,3200,2022,3200,38,LAUREL VALLEY WY,EAGLE TRACE DR,END PVMT #2324,No,Yes,No,
LAURNET PL,COKESBURY LN,MORGAUSE PL,ARA-Ti,2129,2019,2129,39,LAURNET PL,COKESBURY LN,MORGAUSE PL,No,Yes,Yes,
LILYMOUNT DR,BROWN OWL DR,ROCKY STREAM LN,ARA-Ti,410,2019,410,40,LILYMOUNT DR,BROWN OWL DR,ROCKY STREAM LN,No,No,No,
LIMEHOUSE CT,TYLERTON DR,CDS,ARA-Ti,750,2019,750,41,LIMEHOUSE CT,TYLERTON DR,CDS,No,No,No,
LITTLE BRIER CREEK L,TW ALEXANDER DR,BRIER CREEK PKWY,ARA-Ti,17400,2022,17400,42,LITTLE BRIER CREEK LN,TW ALEXANDER DR,BRIER CREEK PKWY,No,Yes,Yes,
LONG POINT CT,WILD DUNES DR,Y TURN AROUND,ARA-Ti,1177,2022,1177,43,LONG POINT CT,WILD DUNES DR,Y TURN AROUND,No,Yes,No,
LOWER DRY FALLS CT,FARLOW GAP LN,CDS,ARA-Ti,553,2019,553,44,LOWER DRY FALLS CT,FARLOW GAP LN,CDS,No,No,No,
MACKINAC ISLAND LN,MONCACY DR,BATTLE BRIDGE RD,ARA-Ti,13630,2019,13630,45,MACKINAC ISLAND LN,MONCACY DR,BATTLE BRIDGE RD,No,Yes,Yes,
MARCOM ST,VARSITY DR,GORMAN ST,ARA-Ti,2232,2022,2232,46,MARCOM ST,VARSITY DR,GORMAN ST,Yes,Yes,Yes,
MAYRIDGE LN,PHASE LINE #1828,CDS,ARA-Ti,916,2019,916,47,MAYRIDGE LN,PHASE LINE #1828,CDS,No,Yes,Yes,
MEADOW MIST CT,CDS,SPORTING CLUB DR,ARA-Ti,4870,2019,4870,48,MEADOW MIST CT,CDS,SPORTING CLUB DR,No,Yes,Yes,
MELBOURNE RD,AUKLAND DR,RAVENWOOD DR,ARA-Ti,5545,2019,5545,49,MELBOURNE RD,AUKLAND DR,RAVENWOOD DR,Yes,Yes,Yes,
MERRYWOOD DR,BATTERY DR,E. DAVIE ST,ARA-Ti,2885,2022,2885,50,MERRYWOOD DR,BATTERY DR,E. DAVIE ST,Yes,Yes,No,
MILBURNIE RD,HILL ST,RALEIGH BLVD,ARA-Ti,3818,2022,3818,51,MILBURNIE RD,HILL ST,RALEIGH BLVD,Yes,Yes,Yes,
MISSION HILLS CT,MEADOW MIST CT,CDS,ARA-Ti,1100,2019,1100,52,MISSION HILLS CT,MEADOW MIST CT,CDS,No,Yes,No,
MORGAUSE DR,END PVMT,FALLS RIVER AV,ARA-Ti,3097,2019,3097,53,MORGAUSE DR,END PVMT,FALLS RIVER AV,No,Yes,Yes,
MURFIELD VILLAGE WY,EAGLE TRACE DR,CDS,ARA-Ti,2512,2022,2512,54,MUIRFIELD VILLAGE WY,EAGLE TRACE DR,CDS,No,Yes,No,
N BOUNDARY ST,N PERSON ST,WATAUGA ST,ARA-Ti,5570,2022,5570,55,BOUNDARY ST,N PERSON ST,WATAUGA ST,Yes,Yes,Yes,
NORTH HILLS DR,LEAD MINE RD,SHELLEY RD,ARA-Ti,36500,2019,36500,56,NORTH HILLS DR,LEAD MINE RD,SHELLEY RD,Yes,Yes,Yes,
NORTHFIELD DR,LAKEMONT DR,CDS,ARA-Ti,3800,2022,3800,57,NORTHFIELD DR,LAKEMONT DR,CDS,Yes,Yes,No,
OAKWOOD AV,N. TARBORO ST,HILL ST,ARA-Ti,5368,2022,5368,58,OAKWOOD AV,N. TARBORO ST,HILL ST,Yes,Yes,Yes,only the part by St. Augustine's University
ONEAL RD,PRIDE WY,LEESVILLE RD,ARA-Ti,5330,2019,5330,59,ONEAL RD,PRIDE WY,LEESVILLE RD,No,Yes,Yes,near a high school
PARRISH ST,BATTERY DR,E. MARTIN ST,ARA-Ti,1724,2022,1724,60,PARRISH ST,BATTERY DR,E. MARTIN ST,Yes,Yes,No,
PATBROOK LN,ROCKY STREAM LN,PHASE LINE #2724,ARA-Ti,758,2019,758,61,PATBROOK LN,ROCKY STREAM LN,PHASE LINE #2724,No,Yes,Yes,
POINTE VISTA CR,ARBOR GRANDE WY,CIRCLE,ARA-Ti,1279,2019,1279,62,POINTE VISTA CR,ARBOR GRANDE WY,CIRCLE,No,Yes,Yes,
PRADERA WY,ARBOR GRANDE WY,ARBOR GRANDE WY,ARA-Ti,484,2019,484,63,PRADERA WY,ARBOR GRANDE WY,ARBOR GRANDE WY,No,No,No,
RATCHFORD DR,CAPITAL BLVD,END C&g #2501,ARA-Ti,3678,2022,3678,64,RATCHFORD DR,CAPITAL BLVD,END C&g #2501,No,Yes,Yes,
RAVENWOOD DR,GROVE AV,MELBOURNE RD,ARA-Ti,1772,2019,1772,65,RAVENWOOD DR,GROVE AV,MELBOURNE RD,Yes,No,Yes,segment does not go all the way to grovewood place
REAVIS RD,METHOD RD,LORIMER RD,ARA-Ti,2359,2022,2359,66,REAVIS RD,METHOD RD,LORIMER RD,Yes,No,Yes,
RIDGE BROOK LN,ERINRIDGE RD,BLUFFS VIEW DR,ARA-Ti,1102,2019,1102,67,RIDGE BROOK LN,ERINRIDGE RD,BLUFFS VIEW DR,No,Yes,Yes,
ROCKY STREAM LN,PATBROOK LN,PRIV PROP #1915,ARA-Ti,1182,2019,1182,68,ROCKY STREAM LN,PATBROOK LN,PRIV PROP #1915,No,Yes,Yes,
ROYAL MELBOURNE DR,EAGLE TRACE DR,INDIANWOOD CT,ARA-Ti,260,2022,260,69,ROYAL MELBOURNE DR,EAGLE TRACE DR,INDIANWOOD CT,No,No,No,
SADDLE SPRINGS CT,WEYBRIDGE DR,HAMMERHEAD,ARA-Ti,801,2022,801,70,SADDLE SPRINGS CT,WEYBRIDGE DR,HAMMERHEAD,No,No,No,
SANCTUARY CT,MEADOW MIST CT,SPORTING CLUB DR,ARA-Ti,3450,2019,3450,71,SANCTUARY CT,MEADOW MIST CT,SPORTING CLUB DR,No,Yes,Yes,
SHADOW CREEK DR,MUIRFIELD VILLAGE WY,CDS,ARA-Ti,2843,2022,2843,72,SHADOW CREEK DR,MUIRFIELD VILLAGE WY,CDS,No,Yes,No,
SHADOW GLEN DR,CDS,GRAND TRAVERSE DR,ARA-Ti,2052,2022,2052,73,SHADOW GLEN DR,CDS,GRAND TRAVERSE DR,No,Yes,No,
SHILOH CT,CDS,BELLOW ST,ARA-Ti,960,2022,960,74,SHILOH CT,CDS,BELLOW ST,No,Yes,No,
SIERRA VISTA WY,ARBOR GRANDE WY,ARBOR GRANDE WY,ARA-Ti,466,2019,466,75,SIERRA VISTA WY,ARBOR GRANDE WY,ARBOR GRANDE WY,No,Yes,No,
SLADE HILL RD,CDS,WEYBRIDGE DR,ARA-Ti,2178,2022,2178,76,SLADE HILL RD,CDS,WEYBRIDGE DR,No,Yes,Yes,
SMITH BASIN LN,CDS,FARMINGTON GROVE DR,ARA-Ti,1210,2019,1210,77,SMITH BASIN LN,CDS,FARMINGTON GROVE DR,No,Yes,Yes,
SPRING RUN CR,PONY RUN RD,CDS,ARA-Ti,740,2022,740,78,SPRING RUN CR,PONY RUN RD,CDS,No,No,No,
ST AUGUSTINE AV,NEW BERN AVE,OAKWOOD AV,ARA-Ti,3523,2022,3523,79,ST AUGUSTINE AV,NEW BERN AVE,OAKWOOD AV,Yes,No,No,
SUMNER BV,CAPITAL BLVD,DILLARDS ENT,ARA-Ti,9228,2019,9228,80,SUMNER BV,CAPITAL BLVD,DILLARDS ENT,No,Yes,Yes,
TANAWHA CT,TRAILWOOD HILLS DR,CDS,ARA-Ti,610,2019,610,81,TANAWHA CT,TRAILWOOD HILLS DR,CDS,No,Yes,No,
TANBARK WY,HUNTING RIDGE RD,HARPS MILL RD,ARA-Ti,6280,2022,6280,82,TANBARK WY,HUNTING RIDGE RD,HARPS MILL RD,No,Yes,Yes,
THE LAKES DR,BEG PVMT PRIV PROP,SANDY FORKS RD,ARA-Ti,7583,2019,7583,83,THE LAKES DR,BEG PVMT PRIV PROP,SANDY FORKS RD,No,Yes,Yes,
TIMBERKNOLL DR,WINGED THISTLE CT,WINGED THISTLE CT,ARA-Ti,1095,2019,1095,84,TIMBERKNOLL DR,WINGED THISTLE CT,WINGED THISTLE CT,No,No,No,
TRIANGLE TOWN BV,SUMNER BV,OLD WAKE FOREST RD,ARA-Ti,9812,2019,9812,85,TRIANGLE TOWN BV,SUMNER BV,OLD WAKE FOREST RD,No,Yes,Yes,
UPPER DRY FALLS CT,FARLOW GAP LN,CDS,ARA-Ti,1260,2019,1260,86,UPPER DRY FALLS CT,FARLOW GAP LN,CDS,No,Yes,No,
VIA LAS CRUCES CR,ARBOR GRANDE WY,ARBOR GRANDE WY,ARA-Ti,637,2019,637,87,VIA LAS CRUCES CR,ARBOR GRANDE WY,ARBOR GRANDE WY,No,No,No,
WAKEFIELD PINES DR,OLD FALLS OF NEUSE RD,FALLS OF NEUSE RD,ARA-Ti,27295,2022,27295,88,WAKEFIELD PINES DR,OLD FALLS OF NEUSE RD,FALLS OF NEUSE RD,No,Yes,Yes,intersects with Falls of Neuse in two places
WESTGLEN DR,CHATFORD DR,CHATFORD DR,ARA-Ti,2000,2022,2000,89,WESTGLEN DR,CHATFORD DR,CHATFORD DR,No,Yes,Yes,
WILD DUNES DR,HARBOUR TOWNE DR,EAGLE TRACE DR,ARA-Ti,5153,2022,5153,90,WILD DUNES DR,HARBOUR TOWNE DR,EAGLE TRACE DR,No,Yes,No,
WILDER ST,METHOD RD,CDS,ARA-Ti,1855,2022,1855,91,WILDER ST,METHOD RD,CDS,Yes,No,No,
WINGED THISTLE CT,CDS,ARNOLD PALMER DR,ARA-Ti,8300,2019,8300,92,WINGED THISTLE CT,CDS,ARNOLD PALMER DR,No,Yes,Yes,
WOODHAVEN CT,PONY RUN RD,CDS,ARA-Ti,760,2022,760,93,WOODHAVEN CT,PONY RUN RD,CDS,No,No,No,
