"GlobalID","COR_STREET","COR_BEGIN_","COR_END_DE","ST_TYPE_ST","COR_LENGTH","COR_ST_TYP","COR_WIDTH","DIRECTION_","LANE_COUNT","LEAF_ID","yr_repave","surface","street_id","treat_year","prev_treat","treat_25","pot_treat","pot_comp","sqyd_est","duke_poles","lite_poles","pole_est","sidewalks","any_poles","grid_code","LCZ_filter","LCZ_desc","UHI_Qtile","pct_treec","hw_af_hi_f","hw_af_t_f","hw_am_hi_f","hw_am_t_f","hw_pm_hi_f","hw_pm_t_f","UHI_Qtile2","repave_grp","weights","subclass","randomize","select_loc","GMaps_ID"
"bda77b2b-8be4-4db7-b483-cabf70959117","ELLERBE","BELMONT DR","GLENBROOK DR","Ln",583,10,22,0,2,"1A",2023,1,NA,NA,0,0,0,1,1425.11111111111,"Yes","Yes",4,"No",1,6,"6","Open lowrise",5,0.58024691358,86.3356749737849,84.2823226178279,67.8329790459305,67.2115896256244,83.2352356207175,80.7419501132652,5,"newer",1,"1",109,FALSE,"ELLERBE_BELMONT DR_GLENBROOK DR"
"4a212310-e5e0-4a45-8d4d-beecf146cd80","FIESTA","HARPS MILL RD","GALA CT","Wy",376,22,22,0,2,"1A",2023,1,NA,NA,0,0,0,1,919.111111111111,"No","Yes",1,"Yes",1,11,"A","Dense Trees (LCZ A)",5,0.983050847458,85.9868257103897,82.8789254165277,68.4560913458103,67.7642184001643,81.7387795797208,79.6946747942669,5,"newer",1,"116",82,FALSE,"FIESTA_HARPS MILL RD_GALA CT"
"6823a6aa-0223-4667-9b8b-0bfdd12007b3","FIESTA","GALA CT","MADIERA CT","Wy",1395,22,22,0,2,"1A",2023,1,NA,NA,0,0,0,1,3410,"No","Yes",4,"No",1,6,"6","Open lowrise",2,0.937823834197,86.5791529453162,83.6042952682033,68.6113301479455,67.8919242512096,82.0828879385283,79.8378820708304,2,"newer",1,"67",31,TRUE,"FIESTA_GALA CT_MADIERA CT"
"44c78f0d-8214-424c-878a-a8a0b33a353d","FIESTA","MADIERA CT","BOLERO CR","Wy",481,22,22,0,2,"1A",2023,1,NA,NA,0,0,0,1,1175.77777777778,"No","Yes",1,"No",1,6,"6","Open lowrise",2,0.773333333333,86.6037624065693,84.1120329636794,68.7588188464825,67.989886210515,83.2628223712628,80.7124561896691,2,"newer",1,"68",70,FALSE,"FIESTA_MADIERA CT_BOLERO CR"
"5e1c7072-b90d-4849-9d03-be6c0e48da0f","FOWLER","BROOKS AV","HARRIS ST","Av",292,2,22,0,2,"1A",2023,1,NA,NA,0,0,0,1,713.777777777778,"Yes","Yes",2,"No",1,6,"6","Open lowrise",7,0.977272727273,85.769106315844,84.2927740848426,68.2825426043886,67.7252657341235,82.9399596705581,80.7171573060931,7,"newer",1,"29",57,FALSE,"FOWLER_BROOKS AV_HARRIS ST"
"8c4f4e7d-6032-4df0-b576-d9df238d6988","FOWLER","HARRIS ST","DIXIE TR","Av",684,2,22,0,2,"1A",2023,1,NA,NA,0,0,0,1,1672,"Yes","Yes",4,"No",1,11,"A","Dense Trees (LCZ A)",8,0.990566037736,86.0146806743783,84.0376451519174,68.0140129411724,67.5085679175149,82.045066403671,80.1211616623569,8,"newer",1,"110",102,FALSE,"FOWLER_HARRIS ST_DIXIE TR"
"5f2e80c0-8dfb-47db-8832-06df8414aa47","AIRLINE","RIDGE RD","SANDIA DR","Dr",1060,8,22,0,2,"1A",2022,1,1,NA,0,1,1,0,2591.11111111111,"Yes","Yes",6,"No",1,11,"A","Dense Trees (LCZ A)",5,0.630136986301,85.6363744290075,84.0764830402125,68.2150977304048,67.485982235347,83.510979696969,81.3583608609493,5,"newer",1,"1",109,FALSE,"AIRLINE_RIDGE RD_SANDIA DR"
"7eb56e30-dc2d-4960-bcf0-87d62652bbf8","ASHBURTON","KAPLAN DR","WICKHAM RD","Rd",330,15,26,0,2,"1A",2022,1,4,NA,0,1,1,0,953.333333333333,"Yes","No",2,"No",1,6,"6","Open lowrise",6,0.586206896552,86.5863576889038,84.5462142944336,69.246457862854,68.5572477340698,84.6337007522583,81.5089710235596,6,"newer",1,"3",68,FALSE,"ASHBURTON_KAPLAN DR_WICKHAM RD"
"44aaa3ef-1879-420f-a79c-30029e174440","ASHBURTON","WICKHAM RD","NEWCASTLE RD","Rd",359,15,26,0,2,"1A",2022,1,4,NA,0,1,1,0,1037.11111111111,"Yes","No",3,"No",1,6,"6","Open lowrise",6,0.561403508772,86.6252374649048,84.4669298171997,69.0249921798706,68.3683834075928,84.3114580154419,81.0997488021851,6,"newer",1,"10",10,TRUE,"ASHBURTON_WICKHAM RD_NEWCASTLE RD"
"ac4902b6-ae1e-4533-a8c9-94d0f01f0859","ASHBURTON","NEWCASTLE RD","DUNBAR RD","Rd",566,15,26,0,2,"1A",2022,1,4,NA,0,1,1,0,1635.11111111111,"Yes","No",4,"No",1,6,"6","Open lowrise",6,0.975903614458,86.0655063629151,84.2618939717611,68.5093091328939,67.896950785319,83.8366451263428,80.6874137878418,6,"newer",1,"11",1,TRUE,"ASHBURTON_NEWCASTLE RD_DUNBAR RD"
"397f0275-ddd3-4076-96ff-628a45d6d63a","ASHBURTON","DUNBAR RD","LILES RD","Rd",594,15,26,0,2,"1A",2022,1,4,NA,0,1,1,0,1716,"Yes","No",2,"No",1,11,"A","Dense Trees (LCZ A)",6,0.965517241379,85.5282881689853,83.9502297073114,68.3301226506468,67.7292264094118,83.3858522508965,80.43097161465,6,"newer",1,"18",92,FALSE,"ASHBURTON_DUNBAR RD_LILES RD"
"b3353188-0dd7-4347-9385-50f051b85e37","ATLANTIC","MEADOW WOOD BV","HIGHWOODS BV","Av",1650,2,48,0,4,"1A",2020,1,NA,NA,0,0,0,1,8800,"Yes","Yes",6,"No",1,6,"6","Open lowrise",10,0.5,84.9438635310771,83.8808970007097,69.9586809525578,69.1697579140989,83.1007603236607,81.1220272372228,10,"older",1,"16",50,FALSE,"ATLANTIC_MEADOW WOOD BV_HIGHWOODS BV"
"6a6ed7e1-5420-4f8b-a7bc-e490483965fd","BOAZ","BAILEY DR","DARBY ST","Rd",297,15,22,0,2,"1A",2023,1,NA,NA,0,0,0,1,726,"Yes","No",2,"No",1,6,"6","Open lowrise",8,0.384615384615,87.1094294956752,84.1740101405552,67.1872530255999,66.6857648577009,83.7663798740932,80.9838136945452,8,"newer",1,"61",62,FALSE,"BOAZ_BAILEY DR_DARBY ST"
"d0230486-a96c-4338-8fd8-dcb1f1ae0f20","BOLERO","CDS","FIESTA WY","Cr",225,5,22,0,2,"1A",2023,1,NA,NA,0,0,0,1,550,"No","Yes",1,"No",1,6,"6","Open lowrise",2,0.825,86.4626095581055,84.082239074707,68.8732281494141,68.0270132446289,83.1100045776367,80.6969439697265,2,"newer",1,"69",52,FALSE,"BOLERO_CDS_FIESTA WY"
"ae018475-c7a6-4495-9f8c-22131597cb2e","BOUNDARY","N. PERSON ST","N. BLOODWORTH ST","St",471,18,32,0,2,"1A",2022,1,55,NA,0,1,1,0,1674.66666666667,"Yes","Yes",6,"Yes",1,6,"6","Open lowrise",10,0.736842105263,86.0546899942251,84.5101035191462,69.2317670675424,68.4681993631216,84.0311731191782,81.726277424739,10,"newer",1,"42",75,FALSE,"BOUNDARY_N. PERSON ST_N. BLOODWORTH ST"
"e2f1beb0-f63b-45ef-aeb1-e123bf441a94","BOUNDARY","N. BLOODWORTH ST","N. EAST ST","St",270,18,30,0,2,"1A",2022,1,55,NA,0,1,1,0,900,"Yes","Yes",1,"Yes",1,6,"6","Open lowrise",10,0.666666666667,86.9616296291351,85.0423769950867,69.4153788089752,68.6563227176666,84.22816157341,81.6041874885559,10,"newer",1,"47",23,TRUE,"BOUNDARY_N. BLOODWORTH ST_N. EAST ST"
"cb78fb4b-2cb6-41d9-90ac-90915a886571","BOUNDARY","N. EAST ST","ELM ST","St",489,18,30,0,2,"1A",2022,1,55,NA,0,1,1,0,1630,"Yes","Yes",5,"Yes",1,6,"6","Open lowrise",10,0.815789473684,87.1241401816314,85.198818710615,68.940129693949,68.2343217381891,84.4824767202701,81.5808371777804,10,"newer",1,"51",111,FALSE,"BOUNDARY_N. EAST ST_ELM ST"
"0b53177b-548d-4214-a23c-9b3306410508","BOUNDARY","ELM ST","ELM ST","St",203,18,30,0,2,"1A",2022,1,55,NA,0,1,1,0,676.666666666667,"Yes","Yes",2,"Yes",1,6,"6","Open lowrise",10,0.914285714286,87.2171586843637,85.30872462346,68.7106317373423,68.0136507474459,84.516850398137,81.5676609919621,10,"newer",1,"52",85,FALSE,"BOUNDARY_ELM ST_ELM ST"
"acb805f7-1a64-493a-a36d-97d42e6d1b6b","BOUNDARY","ELM ST","WATAUGA ST","St",278,18,30,0,2,"1A",2022,1,55,NA,0,1,1,0,926.666666666667,"Yes","Yes",1,"Yes",1,6,"6","Open lowrise",10,0.914893617021,87.0125837887035,85.1152837416705,68.9330758487477,68.1571700152229,84.4258716807646,81.4672043744255,10,"newer",1,"55",61,FALSE,"BOUNDARY_ELM ST_WATAUGA ST"
"771f40f4-fa1e-49a3-bd01-b8d18a615f84","BREWER","MILLS ST","MIAL ST","St",330,18,20,0,2,"1A",2021,1,NA,NA,0,0,0,1,733.333333333333,"Yes","No",2,"No",1,6,"6","Open lowrise",9,0.732142857143,86.4811350504557,84.4258506970528,69.0119891044421,68.1117262228941,84.2970410860502,81.6381442730243,9,"newer",1,"112",114,FALSE,"BREWER_MILLS ST_MIAL ST"
"e930e5e7-3d38-49d0-8730-4f62b159bb3a","BROOKHURST","CDS","HAVERHILL CT","Pl",276,12,22,0,2,"1A",2023,1,NA,NA,0,0,0,1,674.666666666667,"Yes","No",4,"No",1,11,"A","Dense Trees (LCZ A)",7,0.813953488372,86.3392683086973,84.1855533484257,68.3663847952178,67.6414621526545,83.6130089037346,81.1715353763465,7,"newer",1,"50",39,FALSE,"BROOKHURST_CDS_HAVERHILL CT"
"77951f97-ca84-4258-84b5-38c1d70f4ca9","BROOKHURST","HAVERHILL CT","PURDUE ST","Pl",462,12,22,0,2,"1A",2023,1,NA,NA,0,0,0,1,1129.33333333333,"Yes","No",2,"No",1,6,"6","Open lowrise",7,0.957746478873,86.4066979980469,84.2112757873535,68.3386701965332,67.6032218933105,83.4873072814941,81.1498468017578,7,"newer",1,"59",7,FALSE,"BROOKHURST_HAVERHILL CT_PURDUE ST"
"3c19573b-f953-4454-b4fc-b93ddd27444f","BROOKSIDE","WATAUGA ST","HOLDEN ST","Dr",1485,8,36,0,2,"1A",2021,1,NA,NA,0,0,0,1,5940,"Yes","Yes",9,"Yes",1,6,"6","Open lowrise",10,0.882075471698,86.561590026025,84.2183267502557,67.9546265894053,67.2265622923974,82.8136695809916,80.3231920514788,10,"newer",1,"51",111,FALSE,"BROOKSIDE_WATAUGA ST_HOLDEN ST"
"b35e9703-d11c-4687-910f-0ff7eb5f1728","BROOKSIDE","HOLDEN ST","MONROE DR","Dr",551,8,36,0,2,"1A",2021,1,NA,NA,0,0,0,1,2204,"Yes","Yes",5,"Yes",1,6,"6","Open lowrise",10,0.938271604938,86.6040360300165,84.2327789842037,68.1783785903663,67.5041827820895,83.0647024857371,80.5205451563785,10,"newer",1,"52",85,FALSE,"BROOKSIDE_HOLDEN ST_MONROE DR"
"d34e0f6c-1519-47cd-a144-6df120cd44d2","CALEDONIA","NORTHCLIFT DR","BELLOW ST","St",786,18,23,0,2,"1A",2022,1,9,NA,0,1,1,0,2008.66666666667,"No","Yes",1,"Yes",1,6,"6","Open lowrise",4,0.884955752212,85.5989813455721,83.327766418457,67.4740998803116,66.9440588602206,82.0854082805354,79.9091539150331,4,"newer",1,"77",94,FALSE,"CALEDONIA_NORTHCLIFT DR_BELLOW ST"
"f2b5e016-3b66-460a-80e8-340bee4f3ce2","ATLANTIC","NEW HOPE CHURCH RD","SINGLETON IND. DR","Av",774,2,50,0,5,"1A",2018,1,NA,NA,0,0,0,1,4300,"Yes","Yes",5,"Yes",1,8,"8","Large lowrise",10,0.0263157894737,86.2010264455536,85.431637234158,70.4721263367453,69.5009717588071,85.6207087010513,83.6233983922887,10,"older",1,"12",38,FALSE,"ATLANTIC_NEW HOPE CHURCH RD_SINGLETON IND. DR"
"b029c1a7-c09f-4399-a802-9e51d5592396","CRABTREE","BEG PVMT #1021","CHATHAM LN","Bv",147,4,34,0,2,"1A",2022,1,15,NA,0,1,1,0,555.333333333333,"Yes","No",1,"No",1,11,"A","Dense Trees (LCZ A)",7,1,86.426102031361,82.9415720159357,67.245210127397,66.7074779163707,80.6008349331942,79.1244486028498,7,"newer",1,"81",35,TRUE,"CRABTREE_BEG PVMT #1021_CHATHAM LN"
"9c796abf-c6e1-4cff-b97a-7a2a6fe74f69","CRABTREE","CHATHAM LN","CULPEPPER LN","Bv",424,4,34,0,2,"1A",2022,1,15,NA,0,1,1,0,1601.77777777778,"Yes","No",1,"No",1,11,"A","Dense Trees (LCZ A)",7,0.742424242424,86.6764813686939,83.4315495592483,67.3449353157206,66.7606946255298,80.8441954267786,79.3162773619307,7,"newer",1,"84",66,FALSE,"CRABTREE_CHATHAM LN_CULPEPPER LN"
"e03edb8e-015e-4b84-b661-1fcb9a4bde87","CRABTREE","CULPEPPER LN","REMINGTON RD","Bv",369,4,34,0,2,"1A",2022,1,15,NA,0,1,1,0,1394,"Yes","No",2,"No",1,11,"A","Dense Trees (LCZ A)",7,0.8,86.3417875708603,83.8010484648914,67.4121207260504,66.7413852970775,81.8468207382574,79.7211932670779,7,"newer",1,"85",67,FALSE,"CRABTREE_CULPEPPER LN_REMINGTON RD"
"d78c531c-8cc0-4928-9e74-dedf33d0e839","CRABTREE","REMINGTON RD","SOMERSET RD","Bv",324,4,34,0,2,"1A",2022,1,15,NA,0,1,1,0,1224,"Yes","No",1,"No",1,11,"A","Dense Trees (LCZ A)",7,1,86.2741033766005,83.7321912977431,67.4617644415961,66.7194803025987,82.1107385423448,79.9408694373237,7,"newer",1,"87",69,FALSE,"CRABTREE_REMINGTON RD_SOMERSET RD"
"f09ddc86-6c2f-4b61-9b59-d7b6dedd07a8","CRABTREE","SOMERSET RD","END PVMT #1313","Bv",147,4,34,0,2,"1A",2022,1,15,NA,0,1,1,0,555.333333333333,"Yes","No",1,"No",1,11,"A","Dense Trees (LCZ A)",7,1,86.2302776683461,83.5606720664284,67.443188753995,66.7305589155717,80.927113272927,79.1134137240323,7,"newer",1,"88",104,FALSE,"CRABTREE_SOMERSET RD_END PVMT #1313"
"bc7739f9-07df-41e8-8d1a-071d01215d40","BAILEY","GARNER RD","WALLER PL","Dr",314,8,22,0,2,"1A",2023,1,NA,NA,0,0,0,1,767.555555555556,"Yes","No",2,"No",1,6,"6","Open lowrise",9,0,88.2160112785571,85.1553113532789,67.1940760756984,66.6665855176521,83.9437609585849,81.0279735218395,9,"newer",1,"63",34,FALSE,"BAILEY_GARNER RD_WALLER PL"
"6b567919-7d32-4ce4-ab3e-79c2f394f764","BAILEY","WALLER PL","CHARLES ST","Dr",231,8,22,0,2,"1A",2023,1,NA,NA,0,0,0,1,564.666666666667,"Yes","No",1,"No",1,6,"6","Open lowrise",9,0.25641025641,87.3224350501751,84.627533222067,67.2614530366043,66.6708034646922,83.8911561637089,80.9712156098464,9,"newer",1,"38",56,FALSE,"BAILEY_WALLER PL_CHARLES ST"
"fd7dc15b-b399-4cb7-8581-8e96907ce626","BAILEY","CHARLES ST","HADLEY RD","Dr",303,8,22,0,2,"1A",2023,1,NA,NA,0,0,0,1,740.666666666667,"Yes","No",2,"No",1,6,"6","Open lowrise",8,0.148148148148,86.9781916850322,84.3506853258288,67.2510596610404,66.6823276829075,83.582650674356,80.7607516726932,8,"newer",1,"31",14,TRUE,"BAILEY_CHARLES ST_HADLEY RD"
"4ea4c60d-cc26-4055-8b30-4760d7a20ca2","BAILEY","HADLEY RD","BOAZ RD","Dr",716,8,22,0,2,"1A",2023,1,NA,NA,0,0,0,1,1750.22222222222,"Yes","No",5,"No",1,6,"6","Open lowrise",8,0.732673267327,86.9232960576597,83.9912959665492,67.0584697999816,66.5387491419695,83.1388796377873,80.6151236934938,8,"newer",1,"113",76,FALSE,"BAILEY_HADLEY RD_BOAZ RD"
"388925d2-d693-401b-934d-e56bec980152","CREPE MYRTLE","WINTERGREEN DR","CDS","Ct",754,6,22,0,2,"1A",2023,1,NA,NA,0,0,0,1,1843.11111111111,"No","Yes",3,"Yes",1,6,"6","Open lowrise",4,1,86.6396181289464,84.2423767716917,67.4951655766735,66.9870726702965,82.9038719281758,80.5010923620773,4,"newer",1,"114",88,FALSE,"CREPE MYRTLE_WINTERGREEN DR_CDS"
"fbdae57d-d56c-4d5f-95a5-2daa614b2566","CHARLES","BAILEY DR","DOBY CR","St",486,18,26,0,2,"1A",2023,1,NA,NA,0,0,0,1,1404,"Yes","No",4,"No",1,6,"6","Open lowrise",8,0.373333333333,87.0812168121338,84.6719307532677,68.1264247894287,67.3183976686918,84.2952487652118,81.3157537900484,8,"newer",1,"86",96,FALSE,"CHARLES_BAILEY DR_DOBY CR"
"5741ae82-0778-4d97-beec-bb9fac7d30cf","CHARLES","DOBY CR","CALLOWAY DR","St",306,18,26,0,2,"1A",2023,1,NA,NA,0,0,0,1,884,"Yes","No",3,"No",1,6,"6","Open lowrise",8,0.615384615385,87.2091341291155,84.7018258231027,68.2091925484794,67.4934561593192,84.5720694405692,81.533160836356,8,"newer",1,"6",47,FALSE,"CHARLES_DOBY CR_CALLOWAY DR"
"01d25b6b-7e5e-4339-81c6-e93e0159ee81","CHATHAM","MILBURNIE RD","GLASCOCK ST","Ln",542,10,22,0,2,"1A",2022,1,14,NA,0,1,1,0,1324.88888888889,"Yes","No",2,"No",1,6,"6","Open lowrise",8,0.846153846154,86.7183606284005,84.5120588030134,68.6043866021292,67.8048283713205,83.2591960089547,80.6843846184867,8,"newer",1,"104",79,FALSE,"CHATHAM_MILBURNIE RD_GLASCOCK ST"
"b1a91bef-2cc3-4fef-a697-6bc28c3009b4","CHATHAM","GLASCOCK ST","BELGRADE DR","Ln",374,10,22,0,2,"1A",2022,1,14,NA,0,1,1,0,914.222222222222,"Yes","No",4,"No",1,11,"A","Dense Trees (LCZ A)",7,0.55,86.2138026310847,83.8888718042618,67.7518703754132,67.0852080125075,81.9268235426683,79.8714004907852,7,"newer",1,"105",2,TRUE,"CHATHAM_GLASCOCK ST_BELGRADE DR"
"5ccde23b-d9a4-4afc-9a6d-5773aef4c56e","CHATHAM","BELGRADE DR","LOXLEY PL","Ln",226,10,22,0,2,"1A",2022,1,14,NA,0,1,1,0,552.444444444444,"Yes","No",5,"No",1,11,"A","Dense Trees (LCZ A)",7,0.878048780488,86.0572930697737,83.5907916364999,67.4968495862237,66.905185304839,81.1105362464642,79.4140254053576,7,"newer",1,"106",110,FALSE,"CHATHAM_BELGRADE DR_LOXLEY PL"
"d11e5e66-f31d-4860-b20c-01ced686bc24","CHATHAM","LOXLEY PL","CASPAN ST","Ln",447,10,22,0,2,"1A",2022,1,14,NA,0,1,1,0,1092.66666666667,"Yes","No",5,"No",1,11,"A","Dense Trees (LCZ A)",7,0.927536231884,86.1094477971395,83.7795980771383,67.4690737724304,66.9098362922668,81.0974543889364,79.3090093930562,7,"newer",1,"107",83,FALSE,"CHATHAM_LOXLEY PL_CASPAN ST"
"1b3f7baa-bf41-4515-a25b-fb6d6d711c5a","CHATHAM","BELFAST DR","CRABTREE BV","Ln",438,10,22,0,2,"1A",2022,1,14,NA,0,1,1,0,1070.66666666667,"Yes","No",2,"No",1,11,"A","Dense Trees (LCZ A)",7,0.710144927536,86.4843998361141,83.6182660041971,67.2954075590093,66.7786482141373,81.0627936505257,79.3593517871613,7,"newer",1,"108",36,TRUE,"CHATHAM_BELFAST DR_CRABTREE BV"
"a26ecf2c-3852-478f-9806-82c3c953ea48","CHAVIS","E. DAVIE ST","E. CABARRUS ST","Wy",482,22,34,0,2,"1A",2021,1,NA,NA,0,0,0,1,1820.88888888889,"No","Yes",3,"Yes",1,6,"6","Open lowrise",10,0.376623376623,86.8172751206618,84.6679260547345,69.3777945591853,68.3736868638259,84.3615087362436,81.4654646653396,10,"newer",1,"72",43,FALSE,"CHAVIS_E. DAVIE ST_E. CABARRUS ST"
"4b555718-2f49-4b01-a442-d6e6c2a5753b","BATTERY","POOLE RD","PARRISH ST","Dr",636,8,22,0,2,"1A",2022,1,5,NA,0,1,1,0,1554.66666666667,"Yes","Yes",5,"No",1,6,"6","Open lowrise",10,0.802197802198,86.8604366245555,84.8405272071041,69.2803931165098,68.5361930505553,84.1387554567252,81.4147265989389,10,"newer",1,"109",106,FALSE,"BATTERY_POOLE RD_PARRISH ST"
"a80a01f4-b9ed-4550-a72e-155d9eaf9b8c","BATTERY","PARRISH ST","MERRYWOOD DR","Dr",445,8,22,0,2,"1A",2022,1,5,NA,0,1,1,0,1087.77777777778,"Yes","Yes",2,"No",1,6,"6","Open lowrise",10,0.952380952381,86.7508260553533,84.4855377890847,68.8541838906028,68.1394141804088,83.7771365425804,80.7249736785889,10,"newer",1,"110",102,FALSE,"BATTERY_PARRISH ST_MERRYWOOD DR"
"484332ca-46b7-434a-8eb6-962e7f3b6da7","BATTERY","MERRYWOOD DR","E. MARTIN ST","Dr",850,8,22,0,2,"1A",2022,1,5,NA,0,1,1,0,2077.77777777778,"Yes","Yes",3,"No",1,6,"6","Open lowrise",10,0.690476190476,86.662484501185,84.175017367588,68.4673583641481,67.7975292420119,82.7738992069544,80.3090907750505,10,"newer",1,"111",3,TRUE,"BATTERY_MERRYWOOD DR_E. MARTIN ST"
"156f5e37-917f-45ef-b41e-50030719e5ff","BATTERY","E. MARTIN ST","MILLER ST","Dr",217,8,22,0,2,"1A",2022,1,5,NA,0,1,1,0,530.444444444444,"Yes","Yes",1,"No",1,6,"6","Open lowrise",10,0.594594594595,86.3020559240271,84.5729932431821,68.3251331470631,67.7672415839301,83.1181329797815,80.5637769345884,10,"newer",1,"112",114,FALSE,"BATTERY_E. MARTIN ST_MILLER ST"
"f962fea9-5518-4fe6-a952-60a4b160aa9a","BATTERY","MILLER ST","E. DAVIE ST","Dr",482,8,22,0,2,"1A",2022,1,5,NA,0,1,1,0,1178.22222222222,"Yes","Yes",1,"No",1,6,"6","Open lowrise",10,0.845070422535,85.8364262483558,84.0031106131417,68.246030067911,67.6970440611547,82.4832656237544,80.2550967469507,10,"newer",1,"113",76,FALSE,"BATTERY_MILLER ST_E. DAVIE ST"
"0f575eae-d95a-4150-8a41-f60de0dcf76f","COBBLESTONE","CHRISDALE CT","CDS","Ct",350,6,22,0,2,"1A",2020,1,NA,NA,0,0,0,1,855.555555555556,"Yes","Yes",1,"Yes",1,6,"6","Open lowrise",5,1,85.2902166005728,83.7328456156963,68.1760567330026,67.4283954517261,82.7649554690799,80.693098532187,5,"older",1,"27",99,TRUE,"COBBLESTONE_CHRISDALE CT_CDS"
"b7d4292a-8aa1-4913-9d5b-98e6f5ee3634","BEDFORD","BROOKS AV","DIXIE TR","Av",822,2,22,0,2,"1A",2023,1,NA,NA,0,0,0,1,2009.33333333333,"Yes","Yes",14,"Yes",1,6,"6","Open lowrise",7,0.875,86.6045116648955,84.7724124684053,68.7398593678194,68.0117351756376,83.9103895299575,81.3028340956744,7,"newer",1,"106",110,FALSE,"BEDFORD_BROOKS AV_DIXIE TR"
"c8f3d64b-f77a-446a-965d-1e3e67f23eae","DARBY","HADLEY RD","BATES ST","St",313,18,22,0,2,"1A",2023,1,NA,NA,0,0,0,1,765.111111111111,"Yes","No",1,"No",1,6,"6","Open lowrise",8,0.188679245283,87.0516738891602,84.686605711241,68.3684659390836,67.5078520903716,84.2775709822371,81.2371170456345,8,"newer",1,"64",18,FALSE,"DARBY_HADLEY RD_BATES ST"
"56187daf-5c98-4fcf-b73e-50694ee68a7b","DARBY","BATES ST","BOAZ RD","St",321,18,22,0,2,"1A",2023,1,NA,NA,0,0,0,1,784.666666666667,"Yes","No",2,"No",1,6,"6","Open lowrise",8,0.0980392156863,87.1876948765346,84.5211907523019,67.6668751307896,67.0711759294782,83.9200616019113,81.0307904924665,8,"newer",1,"30",5,TRUE,"DARBY_BATES ST_BOAZ RD"
"3a74522b-9d55-4399-882f-cfac3c8567be","DARBY","BOAZ RD","S. STATE ST","St",915,18,22,0,2,"1A",2023,1,NA,NA,0,0,0,1,2236.66666666667,"Yes","Yes",4,"Yes",1,6,"6","Open lowrise",8,0.5625,86.3235446266506,83.4657172327456,67.316288077313,66.8102638410485,83.5149789893109,80.7781965836235,8,"newer",1,"43",37,TRUE,"DARBY_BOAZ RD_S. STATE ST"
"f17cb4e8-8a40-4827-a6d8-e1e10df67890","BELLOW","SHILOH CT","CLARE CT","St",479,18,22,0,2,"1A",2022,1,7,NA,0,1,1,0,1170.88888888889,"No","Yes",1,"Yes",1,11,"A","Dense Trees (LCZ A)",4,0.987012987013,85.6856675989488,83.3327762379366,67.41004225787,66.9030363793467,81.4215206071442,79.5332275091433,4,"newer",1,"114",88,FALSE,"BELLOW_SHILOH CT_CLARE CT"
"14423550-64b6-4342-88f8-492b561f503f","BELLOW","CLARE CT","CALEDONIA ST","St",350,18,22,0,2,"1A",2022,1,7,NA,0,1,1,0,855.555555555556,"No","Yes",2,"Yes",1,6,"6","Open lowrise",4,1,85.9511108398438,83.6344422560472,67.3144134130233,66.8208312988281,82.2654847365159,79.9345131898538,4,"newer",1,"115",9,TRUE,"BELLOW_CLARE CT_CALEDONIA ST"
"7dbc75fd-a1f9-4ac0-b0a4-13a907cd9593","BELLOW","CALEDONIA ST","CDS","St",130,18,22,0,2,"1A",2022,1,7,NA,0,1,1,0,317.777777777778,"No","Yes",1,"Yes",1,6,"6","Open lowrise",4,1,85.6097010562294,83.1729033620734,67.4638278358861,66.9596605802837,82.0983726099918,79.9471146432977,4,"newer",1,"116",82,FALSE,"BELLOW_CALEDONIA ST_CDS"
"e01bdeea-0b0a-4bc5-a22a-2d1aff016f0a","DAVIE E.","S. EAST ST","CHAVIS WY","St",312,18,34,3,2,"1A",2022,1,NA,NA,0,0,0,1,1178.66666666667,"Yes","Yes",3,"Yes",1,6,"6","Open lowrise",10,0.0612244897959,86.6672787385828,84.7517150430118,70.4681075601017,69.5383684494916,84.8090535332175,82.3028822506175,10,"newer",1,"54",27,TRUE,"DAVIE E._S. EAST ST_CHAVIS WY"
"bbf24017-87cc-47f2-8766-cdecd0ca8a21","DAVIE E.","CHAVIS WY","S. SWAIN ST","St",652,18,26,3,2,"1A",2023,1,NA,NA,0,0,0,1,1883.55555555556,"Yes","Yes",7,"Yes",1,6,"6","Open lowrise",10,0.553191489362,87.3502715139678,85.016871250037,69.2293289646958,68.3012204025731,84.2118018179229,81.406579913515,10,"newer",1,"47",23,TRUE,"DAVIE E._CHAVIS WY_S. SWAIN ST"
"1ff28efa-8157-45a8-894a-28e581f7ffb7","DAVIE E.","S. SWAIN ST","S. HAYWOOD ST","St",336,18,26,3,2,"1A",2023,1,NA,NA,0,0,0,1,970.666666666667,"Yes","Yes",5,"Yes",1,6,"6","Open lowrise",10,0.115384615385,87.3126233075116,85.4737734407992,69.1300226159998,68.1262468905063,84.5948822433884,81.5461739205025,10,"newer",1,"24",46,FALSE,"DAVIE E._S. SWAIN ST_S. HAYWOOD ST"
"6c437a21-de64-4eba-a429-b95806e8b19b","DAVIE E.","S. HAYWOOD ST","ALSTON ST","St",292,18,26,3,2,"1A",2023,1,NA,NA,0,0,0,1,843.555555555555,"Yes","Yes",5,"Yes",1,6,"6","Open lowrise",10,0,87.1054196077235,85.3772013047162,69.2826645795037,68.2637690375833,84.7497614692239,81.5921260609346,10,"newer",1,"21",101,FALSE,"DAVIE E._S. HAYWOOD ST_ALSTON ST"
"5ee21bea-247d-437b-b246-79f81bbd136f","DAVIE E.","ALSTON ST","CAMDEN ST","St",175,18,26,3,2,"1A",2023,1,NA,NA,0,0,0,1,505.555555555556,"Yes","Yes",3,"Yes",1,6,"6","Open lowrise",10,0,87.3316736635955,85.5195853191873,69.2939048435377,68.2649197785751,84.8776268337084,81.633437446926,10,"newer",1,"53",86,FALSE,"DAVIE E._ALSTON ST_CAMDEN ST"
"abc68307-0bef-4dee-a0a8-102c97b4efab","DAVIE E.","MONTAGUE LN","FREEMAN ST","St",270,18,24,3,2,"1A",2023,1,NA,NA,0,0,0,1,720,"Yes","Yes",4,"Yes",1,6,"6","Open lowrise",10,0.44,88.0596072673797,85.7369818687439,69.22190117836,68.194798707962,84.4123368263245,81.2921888828278,10,"newer",1,"9",48,FALSE,"DAVIE E._MONTAGUE LN_FREEMAN ST"
"1435d248-5b96-4917-abb1-5ddf8365ce35","DAVIE E.","FREEMAN ST","S. STATE ST","St",286,18,24,3,2,"1A",2023,1,NA,NA,0,0,0,1,762.666666666667,"Yes","Yes",5,"Yes",1,6,"6","Open lowrise",10,0.409090909091,87.974448001746,85.6817287098278,69.1811812429717,68.1662967566288,84.2824704719312,81.2179181648023,10,"newer",1,"41",21,TRUE,"DAVIE E._FREEMAN ST_S. STATE ST"
"32ae9135-7d0f-4286-be0a-4a90ce4bd264","DAVIE E.","S. STATE ST","TARBORO ST","St",544,18,24,3,2,"1A",2023,1,NA,NA,0,0,0,1,1450.66666666667,"Yes","Yes",7,"Yes",1,6,"6","Open lowrise",10,0.348837209302,87.6483373809279,85.6306596722519,69.246033919485,68.2323738231994,84.3809793037281,81.429906878555,10,"newer",1,"37",15,TRUE,"DAVIE E._S. STATE ST_TARBORO ST"
"1e0aa0ac-9822-40ec-bd5d-589eab3ca6ad","DELTA LAKE","DURALEIGH RD","POYNER RD","Dr",1295,8,38,0,2,"1A",2020,1,NA,NA,0,0,0,1,5467.77777777778,"Yes","Yes",7,"Yes",1,6,"6","Open lowrise",8,0.307692307692,85.7415935486321,84.5831886351578,68.8074173814668,68.0608312651867,83.9012489018478,81.6932021013395,8,"older",1,"73",63,FALSE,"DELTA LAKE_DURALEIGH RD_POYNER RD"
"2ed6334d-c15a-4642-81b8-7746aec99f3c","DOBY","CDS","CHARLES ST","Cr",316,5,22,0,2,"1A",2023,1,NA,NA,0,0,0,1,772.444444444444,"Yes","No",2,"No",1,6,"6","Open lowrise",9,0.470588235294,87.1518388227983,84.6749736901485,68.4368401729699,67.6415571732955,84.3703636400627,81.313076134884,9,"newer",1,"8",91,FALSE,"DOBY_CDS_CHARLES ST"
"3ce1471e-87bc-4876-9c1f-71edbbcd2120","FULTON","SOUTHGATE DR","CDS","Ct",182,6,22,0,2,"1A",2020,1,NA,NA,0,0,0,1,444.888888888889,"Yes","Yes",2,"No",1,6,"6","Open lowrise",6,0.838709677419,86.9271842956543,84.3071418762207,68.4964290618896,67.7985958099365,83.7547580718994,80.9243156433105,6,"older",1,"26",24,FALSE,"FULTON_SOUTHGATE DR_CDS"
"1b424308-186c-4d0c-9026-1c20cf8b85d7","GALA","FIESTA WY","CDS","Ct",204,6,22,0,2,"1A",2023,1,NA,NA,0,0,0,1,498.666666666667,"Yes","No",1,"No",1,11,"A","Dense Trees (LCZ A)",5,1,85.9913513183594,82.8060433959961,68.4968737792969,67.7537255859375,80.8446685791016,79.2436193847656,5,"newer",1,"46",87,FALSE,"GALA_FIESTA WY_CDS"
"e3238907-ee64-4aa8-9a36-59cf4c3e1c42","GLEN EDEN","LUBBOCK DR","COLEY FOREST PL","Dr",247,8,42,0,2,"1A",2018,1,NA,NA,0,0,0,1,1152.66666666667,"Yes","Yes",2,"Yes",1,11,"A","Dense Trees (LCZ A)",5,0.878048780488,85.9310786806304,84.9943166272394,68.7951647002122,67.8381897498821,83.4844305104223,81.6221152996195,5,"older",1,"34",32,TRUE,"GLEN EDEN_LUBBOCK DR_COLEY FOREST PL"
"fffc46bf-fa79-4b49-a1f7-fafc80e524e8","GORMAN","SHERMAN AV","GREENLEAF ST","St",1185,18,36,0,3,"1A",2022,1,NA,NA,0,0,0,1,4740,"Yes","Yes",7,"Yes",1,5,"5","Open midrise",10,0.245508982036,86.4687226668648,84.679008749257,70.8528815891431,69.9966636326002,84.5583153102709,81.8595732315727,10,"newer",1,"5",29,TRUE,"GORMAN_SHERMAN AV_GREENLEAF ST"
"04c5cb42-050b-4ba3-a644-bb3b3d0cfa01","GORMAN","MARCOM ST","KELFORD ST","St",380,18,36,0,3,"1A",2022,1,NA,NA,0,0,0,1,1520,"Yes","Yes",2,"Yes",1,6,"6","Open lowrise",8,0.689655172414,86.0386341893396,84.7210327858149,69.4742903598519,68.7399031173351,84.2732501362645,81.6831597616506,8,"newer",1,"84",66,FALSE,"GORMAN_MARCOM ST_KELFORD ST"
"f4b382fe-cb77-4298-a986-afc11dec02a8","GORMAN","KELFORD ST","WIDTH CHG #1509","St",277,18,36,0,2,"1A",2022,1,NA,NA,0,0,0,1,1108,"Yes","Yes",3,"Yes",1,6,"6","Open lowrise",8,0.723404255319,86.4308598836263,84.8618522412849,69.3316319783529,68.6102919145064,84.3404173417525,81.5878499348958,8,"newer",1,"85",67,FALSE,"GORMAN_KELFORD ST_WIDTH CHG #1509"
"69c66814-eaad-482a-b735-a9fb17b097fb","GORMAN","KAPLAN DR","BRENT RD","St",434,18,36,0,2,"1A",2022,1,NA,NA,0,0,0,1,1736,"Yes","Yes",1,"Yes",1,6,"6","Open lowrise",7,0.460317460317,86.0246888940985,84.2745884982022,68.847714510831,68.1672543612393,84.5822594382546,81.7831323797053,7,"newer",1,"80",11,TRUE,"GORMAN_KAPLAN DR_BRENT RD"
"e0fbc4a2-4d9d-4aed-b234-5c68a94db55d","GORMAN","OCTAVIA ST","AVENT FERRY RD","St",420,18,64,0,4,"1A",2022,1,NA,NA,0,0,0,1,2986.66666666667,"Yes","Yes",2,"Yes",1,6,"6","Open lowrise",2,0.0625,87.1705086602105,85.7053600735135,68.9825878567166,68.1660140991211,84.018645562066,81.589909362793,2,"newer",1,"90",8,TRUE,"GORMAN_OCTAVIA ST_AVENT FERRY RD"
"56090084-6e52-4428-89a3-9a32e2412dff","GREYSTONE","PONY RUN RD","PONY RUN RD","Dr",1756,8,22,0,2,"1A",2022,1,24,NA,0,1,1,0,4292.44444444444,"No","Yes",5,"Yes",1,6,"6","Open lowrise",6,0.831932773109,86.3735998932427,84.4445557453223,67.8833763980301,67.2392123972876,83.5020988058056,81.1563466540455,6,"newer",1,"2",103,FALSE,"GREYSTONE_PONY RUN RD_PONY RUN RD"
"87023843-b301-46cb-9d54-80790a542469","HAMPTON","BARSET PL","KIPAWA ST","Rd",616,15,22,0,2,"1A",2022,1,26,NA,0,1,1,0,1505.77777777778,"Yes","Yes",1,"No",1,6,"6","Open lowrise",5,0.919191919192,85.2440567016601,83.4006604391431,67.9882645379929,67.2257296849811,82.6919393388052,80.477305094401,5,"newer",1,"4",26,FALSE,"HAMPTON_BARSET PL_KIPAWA ST"
"6611ff90-a219-42de-acba-535a2a96ef0e","HARDIMONT","BLAND RD","WAKE FOREST RD","Rd",254,15,61,0,5,"1A",2020,1,NA,NA,0,0,0,1,1721.55555555556,"Yes","Yes",2,"Yes",1,6,"6","Open lowrise",9,0,86.1855008525233,85.8781169768303,69.8160956598097,68.8061501287645,84.8370828936177,82.9601708689044,9,"older",1,"82",6,TRUE,"HARDIMONT_BLAND RD_WAKE FOREST RD"
"f2ded442-8ddf-4526-a851-1d5bcb809828","HUNTLEIGH","CAPITAL BLVD","GREYWOOD DR","Dr",2485,8,36,0,2,"1A",2022,1,32,NA,0,1,1,0,9940,"No","Yes",6,"Yes",1,6,"6","Open lowrise",9,0.289552238806,86.8070066419699,84.697289418366,69.6759764461194,68.8282857991881,84.1190862494,81.7726247755148,9,"newer",1,"5",29,TRUE,"HUNTLEIGH_CAPITAL BLVD_GREYWOOD DR"
"1d2685a4-08c2-49f3-bcad-249db31153e8","HUNTLEIGH","GREYWOOD DR","ARROWWOOD DR","Dr",499,8,22,0,2,"1A",2022,1,32,NA,0,1,1,0,1219.77777777778,"No","Yes",2,"Yes",1,6,"6","Open lowrise",9,0.675324675325,86.7426499800249,84.7081235018643,69.1884683782404,68.4214548284357,83.4450682206588,80.8876561945135,9,"newer",1,"6",47,FALSE,"HUNTLEIGH_GREYWOOD DR_ARROWWOOD DR"
"a66f4e99-048a-4d7c-a64a-8bb55ae9d7e5","HUNTLEIGH","YORKSHIRE CT","INGRAM DR","Dr",1049,8,22,0,2,"1A",2022,1,32,NA,0,1,1,0,2564.22222222222,"No","Yes",3,"Yes",1,6,"6","Open lowrise",9,0.687074829932,85.693729694073,84.5367108124953,68.5578872974102,67.9207035211417,83.0638375649086,80.7800416212815,9,"newer",1,"7",95,FALSE,"HUNTLEIGH_YORKSHIRE CT_INGRAM DR"
"a8af0ed1-5694-4e0d-849a-3cfc6343dfc1","HUNTLEIGH","INGRAM DR","WINSLOW CT","Dr",966,8,22,0,2,"1A",2022,1,32,NA,0,1,1,0,2361.33333333333,"No","Yes",3,"Yes",1,6,"6","Open lowrise",9,0.414814814815,86.2610659950658,84.7614269055818,68.6037664313065,67.9599165263929,83.3338659186112,80.9168999922903,9,"newer",1,"8",91,FALSE,"HUNTLEIGH_INGRAM DR_WINSLOW CT"
"e591bab6-f12e-4dee-b63d-5358ef02a2d1","HUNTLEIGH","WINSLOW CT","CROFTON CT","Dr",312,8,22,0,2,"1A",2022,1,32,NA,0,1,1,0,762.666666666667,"No","Yes",3,"Yes",1,6,"6","Open lowrise",10,0.480769230769,86.6376811436244,84.9294919695173,68.6509706769671,68.01015625,83.7531797136579,81.1764003208705,10,"newer",1,"9",48,FALSE,"HUNTLEIGH_WINSLOW CT_CROFTON CT"
"70b7f40e-db15-4fb3-ad4f-931372a25a59","HARRIS","FOWLER AV","END PVMT #709","St",395,18,22,0,2,"1A",2023,1,NA,NA,0,0,0,1,965.555555555555,"Yes","Yes",2,"No",1,11,"A","Dense Trees (LCZ A)",7,0.873015873016,86.0496895530007,84.2422249533914,68.1702215021307,67.5360991738059,83.1221226778897,80.7128037539395,7,"newer",1,"40",90,FALSE,"HARRIS_FOWLER AV_END PVMT #709"
"57cccdd9-4918-4280-85fb-3c0e51e8662c","HARVARD","PRVT PROP","LATIMER RD","St",395,18,22,0,2,"1A",2023,1,NA,NA,0,0,0,1,965.555555555555,"Yes","Yes",1,"No",1,6,"6","Open lowrise",8,0.589285714286,86.0234108901605,84.5929249088938,68.1534777385432,67.4524417039825,83.7767871763648,81.6434888141911,8,"newer",1,"7",95,FALSE,"HARVARD_PRVT PROP_LATIMER RD"
"0a969531-6a07-4590-9bc6-039e99c1fe58","HARVARD","LATIMER RD","RADCLIFF RD","St",845,18,22,0,2,"1A",2023,1,NA,NA,0,0,0,1,2065.55555555556,"Yes","Yes",5,"No",1,6,"6","Open lowrise",7,0.44776119403,85.9737837148267,84.1752211104992,68.0972872889319,67.4301401182663,83.4876027661701,81.2163656367812,7,"newer",1,"62",80,FALSE,"HARVARD_LATIMER RD_RADCLIFF RD"
"d9bb97f7-ef6b-4bb6-ac65-e7e3e0678aa4","HAVERHILL","CDS","BROOKHURST PL","Ct",195,6,22,0,2,"1A",2023,1,NA,NA,0,0,0,1,476.666666666667,"Yes","No",1,"No",1,6,"6","Open lowrise",7,1,86.259271474985,84.211971282959,68.3410119276781,67.6357938326322,83.3328138498159,81.0128534757174,7,"newer",1,"22",41,FALSE,"HAVERHILL_CDS_BROOKHURST PL"
"69b229af-f4c0-497a-8a03-04ae9d2775b4","ILEAGNES","CHERRY CR E.","CHERRY CR W.","Rd",443,15,22,0,2,"1A",2018,1,NA,NA,0,0,0,1,1082.88888888889,"Yes","Yes",4,"Yes",1,11,"A","Dense Trees (LCZ A)",7,0.907692307692,85.9754116751931,83.5034640919078,68.3535045276989,67.6683724143288,82.2412806424227,80.1550008600408,7,"older",1,"28",54,FALSE,"ILEAGNES_CHERRY CR E._CHERRY CR W."
"0ecb6e91-1f44-40f7-bc20-da903ba23959","HIGHWOODS","CAPITAL BLVD","GLENRIDGE DR","Bv",544,4,46,0,4,"1A",2019,1,29,NA,0,1,1,0,2780.44444444444,"No","Yes",2,"No",1,6,"6","Open lowrise",9,0.164705882353,85.730061340332,84.7628035227458,70.2308642069499,69.2589965820312,84.3273509979248,82.4818075815837,9,"older",1,"12",38,FALSE,"HIGHWOODS_CAPITAL BLVD_GLENRIDGE DR"
"ac34da64-7855-4e3b-8015-18d118b4e662","HIGHWOODS","GLENRIDGE DR","POPLARWOOD CT","Bv",919,4,48,0,4,"1A",2019,1,29,NA,0,1,1,0,4901.33333333333,"No","Yes",4,"No",1,6,"6","Open lowrise",9,0.897058823529,85.0123726629442,84.0696003411406,69.6297518822455,68.7241388136341,83.1673654535766,81.3623896773143,9,"older",1,"13",115,FALSE,"HIGHWOODS_GLENRIDGE DR_POPLARWOOD CT"
"fa270fdb-5368-49ca-ba9c-02d72d542499","HIGHWOODS","POPLARWOOD CT","SMOKETREE CT","Bv",792,4,48,0,4,"1A",2019,1,29,NA,0,1,1,0,4224,"No","Yes",4,"No",1,6,"6","Open lowrise",10,0.935185185185,85.1016277411045,84.0499906295385,69.3677429786095,68.5544403271797,82.8378677368164,81.0220461136255,10,"older",1,"14",16,FALSE,"HIGHWOODS_POPLARWOOD CT_SMOKETREE CT"
"9b65591a-9f89-42dd-b64d-0fe74c36b03a","HIGHWOODS","SMOKETREE CT","BEACHLEAF CT","Bv",883,4,48,0,4,"1A",2019,1,29,NA,0,1,1,0,4709.33333333333,"No","Yes",4,"No",1,6,"6","Open lowrise",10,0.959677419355,85.0172067686569,83.5669661233592,69.0494181610817,68.3519231219625,82.1656196061955,80.2328173615212,10,"older",1,"15",40,FALSE,"HIGHWOODS_SMOKETREE CT_BEACHLEAF CT"
"72291004-652c-4879-8696-f3c76b05f270","HIGHWOODS","BEACHLEAF CT","ATLANTIC AVE","Bv",408,4,48,0,4,"1A",2019,1,29,NA,0,1,1,0,2176,"No","Yes",2,"No",1,6,"6","Open lowrise",10,0.634920634921,84.6303934496503,83.1175377424373,69.3200236475745,68.5712950950445,82.6754963009857,80.5591350821561,10,"older",1,"16",50,FALSE,"HIGHWOODS_BEACHLEAF CT_ATLANTIC AVE"
"7b14a13a-1958-46b8-8e55-12bd162e1391","HIKING","LOYAL LN","EAGLE TR","Tr",375,20,36,0,2,"1A",2021,1,NA,NA,0,0,0,1,1500,"No","Yes",2,"Yes",1,6,"6","Open lowrise",3,0.372881355932,86.38261910372,84.3129387788994,68.4669272844181,67.8381145388581,83.72031473559,80.9120641309162,3,"newer",1,"95",25,TRUE,"HIKING_LOYAL LN_EAGLE TR"
"75100fcd-14bb-4c46-9b73-b7123cfdb5fd","MELBOURNE","AUKLAND DR","POWELL DR","Rd",950,15,26,0,2,"1A",2019,1,49,NA,0,1,1,0,2744.44444444444,"Yes","Yes",4,"Yes",1,6,"6","Open lowrise",6,0.432835820896,86.1667172046418,84.4083195138485,68.6183379964625,67.9441747462496,83.6814840600846,81.177924866372,6,"older",1,"17",59,FALSE,"MELBOURNE_AUKLAND DR_POWELL DR"
"01ea1597-6013-4d35-8146-047325a4a61d","HIKING","EAGLE TR","JACKNIFE TR","Tr",436,20,36,0,2,"1A",2021,1,NA,NA,0,0,0,1,1744,"No","Yes",2,"Yes",1,6,"6","Open lowrise",3,0.289855072464,86.9740922347359,84.8403486168903,68.8631772580354,68.2271836322287,84.0542076774265,81.4507036623747,3,"newer",1,"79",49,FALSE,"HIKING_EAGLE TR_JACKNIFE TR"
"762e4d2d-3c8f-4189-8b09-27085e9558c9","MELBOURNE","POWELL DR","RAVENWOOD DR","Rd",950,15,26,0,2,"1A",2019,1,49,NA,0,1,1,0,2744.44444444444,"Yes","Yes",7,"Yes",1,11,"A","Dense Trees (LCZ A)",6,0.661764705882,86.5403597405616,84.1494714452866,68.485118460148,67.8308431747112,83.5146145922072,80.7641408392724,6,"older",1,"19",84,FALSE,"MELBOURNE_POWELL DR_RAVENWOOD DR"
"46bc8b34-4363-410c-937f-d2eec0cc6efe","JOANNE","HENSLOWE DR","ANN CAROL CT","Dr",698,8,26,0,2,"1A",2023,1,NA,NA,0,0,0,1,2016.44444444444,"Yes","Yes",3,"Yes",1,6,"6","Open lowrise",4,0.883495145631,86.2738543524258,84.1317448270494,68.2571318253227,67.6411995265795,83.7934779291568,80.9965448794158,4,"newer",1,"77",94,FALSE,"JOANNE_HENSLOWE DR_ANN CAROL CT"
"2af3a5b3-251e-4706-ae1b-16349ff587a3","HILL","OAKWOOD AV","BOOKER DR","St",646,18,30,0,2,"1A",2022,1,30,NA,0,1,1,0,2153.33333333333,"Yes","Yes",5,"Yes",1,6,"6","Open lowrise",10,0,87.452684485394,84.871860338294,68.8100372535595,68.1905294224836,84.1953239993773,81.5633794812188,10,"newer",1,"20",53,FALSE,"HILL_OAKWOOD AV_BOOKER DR"
"ae1328fd-6206-47ab-b9b8-996d94ab5ff9","HILL","BOOKER DR","MILBURNIE RD","St",315,18,30,0,2,"1A",2022,1,30,NA,0,1,1,0,1050,"Yes","Yes",5,"Yes",1,6,"6","Open lowrise",10,0,87.520080142551,84.8928780025906,68.9781197441949,68.4415463341607,84.3555191887749,81.7590734693739,10,"newer",1,"21",101,FALSE,"HILL_BOOKER DR_MILBURNIE RD"
"0d7a1894-890a-4428-a61a-9d79e9e294bd","MERRYWOOD","BATTERY DR","E. MARTIN ST","Dr",534,8,26,0,2,"1A",2022,1,50,NA,0,1,1,0,1542.66666666667,"Yes","Yes",1,"No",1,6,"6","Open lowrise",10,0.905882352941,86.6990718518273,84.0793507462841,68.4680751218634,67.8107527393406,82.6601276720984,80.2245882971812,10,"newer",1,"22",41,FALSE,"MERRYWOOD_BATTERY DR_E. MARTIN ST"
"74eff3e1-8012-4065-9c64-02a1bf14cfa1","MERRYWOOD","E. MARTIN ST","E. DAVIE ST","Dr",521,8,26,0,2,"1A",2022,1,50,NA,0,1,1,0,1505.11111111111,"Yes","Yes",6,"No",1,6,"6","Open lowrise",10,0.864197530864,86.4728855405535,84.2036113739014,68.2546892166138,67.6843517848423,82.5974160603115,80.0938990456717,10,"newer",1,"23",19,TRUE,"MERRYWOOD_E. MARTIN ST_E. DAVIE ST"
"ae395d55-a1a2-4e92-afc3-503d520e2580","MILBURNIE","HILL ST","DELANY DR","Rd",753,15,30,0,2,"1A",2022,1,51,NA,0,1,1,0,2510,"Yes","Yes",9,"Yes",1,6,"6","Open lowrise",10,0.037037037037,87.4403739505344,84.880916595459,68.9555004967584,68.2207028071086,84.2302746242947,81.4310686323378,10,"newer",1,"24",46,FALSE,"MILBURNIE_HILL ST_DELANY DR"
"856a0a99-2423-4eeb-bec0-ff7e244cd085","MILBURNIE","BOOKER DR","RALEIGH BLVD","Rd",272,15,30,0,2,"1A",2022,1,51,NA,0,1,1,0,906.666666666667,"Yes","Yes",5,"Yes",1,6,"6","Open lowrise",10,0.02,87.165958077567,85.0093937465123,68.6814740862165,67.7713553292411,84.5356185913086,81.6815767560686,10,"newer",1,"25",78,FALSE,"MILBURNIE_BOOKER DR_RALEIGH BLVD"
"63397ff7-6e32-4b7d-94b7-17f93968bb91","MILBURNIE","CHATHAM LN","HABERSHAM PL","Rd",344,15,36,0,2,"1A",2020,1,NA,NA,0,0,0,1,1376,"Yes","Yes",3,"Yes",1,6,"6","Open lowrise",8,0.672727272727,87.1090939170436,84.6687891106857,69.1213250411184,68.1459740086606,83.0382859079461,80.4965426796361,8,"older",1,"48",77,FALSE,"MILBURNIE_CHATHAM LN_HABERSHAM PL"
"a421559d-6b42-4578-8e45-3443a87dd80e","KILGORE","BROOKS AV","DIXIE TR","Av",785,2,22,0,2,"1A",2023,1,NA,NA,0,0,0,1,1918.88888888889,"Yes","Yes",10,"Yes",1,6,"6","Open lowrise",7,0.636363636364,86.1009010687107,84.3200596134837,68.9567423564632,68.2146407336724,83.9463440499655,81.3799310079435,7,"newer",1,"108",36,TRUE,"KILGORE_BROOKS AV_DIXIE TR"
"c5224f2b-1625-4c56-a727-ecfcf871dbce","MONTCASTLE","VALLEY ESTATES DR","END PVMT #6100","Ct",445,6,22,0,2,"1A",2020,1,NA,NA,0,0,0,1,1087.77777777778,"Yes","Yes",1,"Yes",1,11,"A","Dense Trees (LCZ A)",3,1,86.6875974867079,84.5101440429687,67.6552598741319,67.138229031033,83.2817084418403,81.0493316650391,3,"older",1,"71",4,TRUE,"MONTCASTLE_VALLEY ESTATES DR_END PVMT #6100"
"ecbce347-a1ed-4e92-bd1d-9591c31a73ac","KIMBERLY","GUNNISON PL","CORONADO DR","Dr",1160,8,22,0,2,"1A",2019,1,35,NA,0,1,1,0,2835.55555555556,"Yes","Yes",8,"No",1,11,"A","Dense Trees (LCZ A)",6,0.901234567901,85.6750961573778,83.9582840235887,68.1506074213348,67.4912783192323,83.0537197146795,80.7504422348158,6,"older",1,"26",24,FALSE,"KIMBERLY_GUNNISON PL_CORONADO DR"
"272cb98b-34c6-4a80-a7c9-d42dfe407d99","KIMBERLY","CORONADO DR","RAINTREE CT","Dr",453,8,22,0,2,"1A",2019,1,35,NA,0,1,1,0,1107.33333333333,"Yes","Yes",3,"No",1,6,"6","Open lowrise",6,1,85.5460990456974,84.1267849791284,67.8120386460248,67.2318570006128,83.0220003315047,80.6160733092065,6,"older",1,"27",99,TRUE,"KIMBERLY_CORONADO DR_RAINTREE CT"
"732abb51-1fbd-411c-9f38-d5b8f9108145","KIMBERLY","RAINTREE CT","NORTH HILLS DR","Dr",429,8,22,0,2,"1A",2019,1,35,NA,0,1,1,0,1048.66666666667,"Yes","Yes",1,"No",1,11,"A","Dense Trees (LCZ A)",6,1,85.4313443242287,83.5272431665537,67.6978172769352,67.0624019077846,81.9365430559431,79.8105759912607,6,"older",1,"28",54,FALSE,"KIMBERLY_RAINTREE CT_NORTH HILLS DR"
"db56621c-237a-4e24-94cb-094fa5c74f1b","MORNINGSIDE","MERRIANNE DR","WESTBURY DR","Dr",690,8,36,0,2,"1A",2018,1,NA,NA,0,0,0,1,2760,"No","Yes",3,"Yes",1,6,"6","Open lowrise",6,0.833333333333,85.26672636573,84.1373728282416,68.638278107145,67.7127107079349,83.3303877417721,81.0970825650798,6,"older",1,"33",100,FALSE,"MORNINGSIDE_MERRIANNE DR_WESTBURY DR"
"c56945a1-270f-4d8d-98e7-82edc914a542","MORNINGSIDE","WESTBURY DR","WYCLIFF RD","Dr",364,8,36,0,2,"1A",2018,1,NA,NA,0,0,0,1,1456,"No","Yes",1,"Yes",1,6,"6","Open lowrise",7,0.862068965517,85.0944471359253,83.9383157730103,68.6022607803345,67.6771192550659,83.0452884674072,80.8655525207519,7,"older",1,"75",60,FALSE,"MORNINGSIDE_WESTBURY DR_WYCLIFF RD"
"bf1ccd3c-dd71-443a-a8cd-b31c689fca6b","MORNINGSIDE","CHANCERY PL","GLEN BURNIE DR","Dr",214,8,36,0,2,"1A",2018,1,NA,NA,0,0,0,1,856,"No","Yes",2,"Yes",1,6,"6","Open lowrise",8,0.971428571429,84.5116529111509,83.4516689159252,68.6848819873951,67.7821771127206,83.747142650463,81.5920927259657,8,"older",1,"15",40,FALSE,"MORNINGSIDE_CHANCERY PL_GLEN BURNIE DR"
"9fb4bc87-1b66-4802-ad90-b1ef3b591c4f","MORNINGSIDE","GLEN BURNIE DR","ORTON PL","Dr",693,8,36,0,2,"1A",2018,1,NA,NA,0,0,0,1,2772,"No","Yes",3,"Yes",1,6,"6","Open lowrise",8,0.925925925926,84.9754272682079,83.9069716964943,68.5565444282864,67.6511583190033,83.9847632145536,81.8396042533543,8,"older",1,"49",105,FALSE,"MORNINGSIDE_GLEN BURNIE DR_ORTON PL"
"748d7cb1-0978-4d3e-a53c-fce9b25c34b8","MORNINGSIDE","ORTON PL","PEACH HAVEN CT","Dr",160,8,36,0,2,"1A",2018,1,NA,NA,0,0,0,1,640,"No","Yes",1,"Yes",1,6,"6","Open lowrise",8,1,85.0649216391824,84.1595039367676,68.5207963423295,67.6125630465421,84.0754068548029,81.9562377929688,8,"older",1,"14",16,FALSE,"MORNINGSIDE_ORTON PL_PEACH HAVEN CT"
"42a1a6e3-2666-4771-a3d7-7a7c2b0267d3","KIPAWA","HAMPTON RD","SANDIA DR","St",731,18,22,0,2,"1A",2022,1,36,NA,0,1,1,0,1786.88888888889,"Yes","Yes",1,"No",1,11,"A","Dense Trees (LCZ A)",7,0.972222222222,85.1012639497456,82.7067119196842,67.8865488955849,67.2173753035696,82.340414147628,80.2796799509149,7,"newer",1,"29",57,FALSE,"KIPAWA_HAMPTON RD_SANDIA DR"
"3052678d-a7e5-4391-86ef-2cd2c55ce782","LORRAINE","MEDLIN DR","DEVONSHIRE DR","Rd",731,15,25,0,2,"1A",2023,1,NA,NA,0,0,0,1,2030.55555555556,"Yes","Yes",4,"Yes",1,6,"6","Open lowrise",6,0.642201834862,85.4871439615886,84.4140491739909,68.2945951334635,67.5635071818034,83.8103061930338,81.3875375366211,6,"newer",1,"3",68,FALSE,"LORRAINE_MEDLIN DR_DEVONSHIRE DR"
"0628a4a2-5462-4300-9a0a-b42a1e337cc8","MADIERA","FIESTA WY","CDS","Ct",513,6,22,0,2,"1A",2023,1,NA,NA,0,0,0,1,1254,"No","Yes",1,"No",1,6,"6","Open lowrise",2,0.797297297297,86.7266529224537,84.358401828342,68.7858156274866,68.0668231822826,83.561309673168,81.0259426258228,2,"newer",1,"70",116,FALSE,"MADIERA_FIESTA WY_CDS"
"4c447560-8477-42fd-b8c1-a523337c605c","LAKE","COLTON PL","DIX ST","Dr",688,8,22,0,2,"1A",2021,1,NA,NA,0,0,0,1,1681.77777777778,"Yes","No",4,"No",1,6,"6","Open lowrise",6,0.831683168317,85.3972290263456,84.4457791272332,68.7984556310317,67.8962313708137,83.8483019436107,82.0858242932488,6,"newer",1,"2",103,FALSE,"LAKE_COLTON PL_DIX ST"
"de110372-9100-4627-954b-fe76166a0c2a","LAKE","DIX ST","LAKE DR W.","Dr",538,8,22,0,2,"1A",2021,1,NA,NA,0,0,0,1,1315.11111111111,"Yes","No",2,"No",1,6,"6","Open lowrise",6,0.949367088608,85.1677356296115,84.0318756103515,68.675264287878,67.7660632663303,83.4473070215296,81.5676888359918,6,"newer",1,"36",12,FALSE,"LAKE_DIX ST_LAKE DR W."
"e31c323f-0a87-44a7-a084-1b727fd87614","MARCOM","VARSITY DR","COLLEGEVIEW AV","St",211,18,22,0,2,"1A",2022,1,46,NA,0,1,1,0,515.777777777778,"Yes","Yes",1,"Yes",1,6,"6","Open lowrise",8,0.111111111111,86.6900787353516,84.9977607727051,68.9130668640137,68.2546607426235,84.250025340489,81.8462987627302,8,"newer",1,"30",5,TRUE,"MARCOM_VARSITY DR_COLLEGEVIEW AV"
"66aa3669-e624-4446-91d3-d9bb72e46ada","MARCOM","COLLEGEVIEW AV","GORMAN ST","St",733,18,22,0,2,"1A",2022,1,46,NA,0,1,1,0,1791.77777777778,"Yes","Yes",1,"Yes",1,6,"6","Open lowrise",8,0.104761904762,86.4256606230865,84.8977448746965,69.3885522790857,68.6033195289405,84.4010300507417,81.9160465549779,8,"newer",1,"31",14,TRUE,"MARCOM_COLLEGEVIEW AV_GORMAN ST"
"78a0ee47-4ddc-49df-a638-e2eee6759c1f","NORTH HILLS","NORTHBROOK DR","KIMBERLY DR","Dr",660,8,40,0,2,"1A",2019,1,56,NA,0,1,1,0,2933.33333333333,"Yes","Yes",4,"Yes",1,11,"A","Dense Trees (LCZ A)",6,0.979591836735,85.3472035725912,83.0007309191155,67.700165719697,67.0870666503906,81.6215303594416,79.6123791318951,6,"older",1,"32",97,FALSE,"NORTH HILLS_NORTHBROOK DR_KIMBERLY DR"
"5d386401-dfa2-41b1-bee7-6ab72c94a181","NORTH HILLS","KIMBERLY DR","THAYER DR","Dr",1366,8,40,0,2,"1A",2019,1,56,NA,0,1,1,0,6071.11111111111,"Yes","Yes",6,"Yes",1,11,"A","Dense Trees (LCZ A)",6,0.826315789474,85.2009570563017,82.1732392951624,67.7123848075297,67.0406066552917,80.7935029214887,79.1764692050308,6,"older",1,"33",100,FALSE,"NORTH HILLS_KIMBERLY DR_THAYER DR"
"818fe101-85f2-4719-bb68-9b9fe7be3d27","NORTH HILLS","THAYER DR","THAYER DR","Dr",968,8,40,0,2,"1A",2019,1,56,NA,0,1,1,0,4302.22222222222,"Yes","Yes",7,"Yes",1,11,"A","Dense Trees (LCZ A)",6,0.896296296296,85.3142665227254,82.3194534778595,67.6214793523153,67.0484306812286,80.8764661947886,79.2138340473175,6,"older",1,"34",32,TRUE,"NORTH HILLS_THAYER DR_THAYER DR"
"024bf1ad-2e1e-411c-8a67-b7647d4fb00b","NORTH HILLS","THAYER DR","SHELLEY RD","Dr",691,8,40,0,2,"1A",2019,1,56,NA,0,1,1,0,3071.11111111111,"Yes","Yes",4,"Yes",1,11,"A","Dense Trees (LCZ A)",3,0.60396039604,85.7280225082183,83.5015904601191,67.4687285087478,66.9268144419495,81.965407358089,79.8529781287825,3,"older",1,"35",13,TRUE,"NORTH HILLS_THAYER DR_SHELLEY RD"
"19443186-cb17-49e8-a1ef-89b3f5cce4a3","SLADE HILL","ROYAL OAKS DR","WEYBRIDGE DR","Rd",551,15,22,0,2,"1A",2022,1,76,NA,0,1,1,0,1346.88888888889,"No","Yes",2,"Yes",1,11,"A","Dense Trees (LCZ A)",6,0.939024390244,85.3675842285156,83.5454203741891,67.9564688546317,67.3395504270281,83.0127585274832,80.507013457162,6,"newer",1,"36",12,FALSE,"SLADE HILL_ROYAL OAKS DR_WEYBRIDGE DR"
"e152b95a-33e2-4461-8407-cfd54a984f8f","SOUTHGATE","CRAWFORD RD","PROCTOR RD","Dr",400,8,30,0,2,"1A",2020,1,NA,NA,0,0,0,1,1333.33333333333,"Yes","Yes",2,"No",1,6,"6","Open lowrise",6,0.5,86.7812850258567,84.488430369984,68.4690853465687,67.8496964194558,83.695688941262,80.984808141535,6,"older",1,"58",112,FALSE,"SOUTHGATE_CRAWFORD RD_PROCTOR RD"
"7ac893fb-afe1-489e-bdef-ac5e1ccf6cd2","ST AUGUSTINE","NEW BERN AVE","BOYER ST","Av",424,2,22,0,2,"1A",2022,1,79,NA,0,1,1,0,1036.44444444444,"Yes","No",5,"No",1,6,"6","Open lowrise",10,0.36231884058,86.8956920789636,85.1921778139861,69.3875596419625,68.4470447042714,84.7485424539317,81.971224743387,10,"newer",1,"37",15,TRUE,"ST AUGUSTINE_NEW BERN AVE_BOYER ST"
"d788b2fb-e0e5-4021-9538-f2af725f44c9","ST AUGUSTINE","BOYER ST","E. JONES ST","Av",272,2,22,0,2,"1A",2022,1,79,NA,0,1,1,0,664.888888888889,"Yes","No",2,"No",1,6,"6","Open lowrise",10,0.191489361702,87.2289645671844,85.2131567001343,69.0602734088898,68.2664239406586,84.6949031352997,81.8370237350464,10,"newer",1,"38",56,FALSE,"ST AUGUSTINE_BOYER ST_E. JONES ST"
"b2a76d3f-3f78-4469-8fa8-b6840382cd91","ST AUGUSTINE","E. JONES ST","PENDER ST","Av",242,2,22,0,2,"1A",2022,1,79,NA,0,1,1,0,591.555555555556,"Yes","No",3,"No",1,6,"6","Open lowrise",10,0.0487804878049,87.491344996861,85.2055206298828,68.8357617514474,68.0495469229562,84.5888216836112,81.8133828299386,10,"newer",1,"39",17,TRUE,"ST AUGUSTINE_E. JONES ST_PENDER ST"
"7a781c59-625a-46c1-8547-865af77f4fef","ST AUGUSTINE","PENDER ST","E. LANE ST","Av",278,2,22,0,2,"1A",2022,1,79,NA,0,1,1,0,679.555555555556,"Yes","No",1,"No",1,6,"6","Open lowrise",10,0.760869565217,87.1613762378693,84.8834416866302,68.4565856456757,67.6799321174622,83.2425694465637,81.1497519016266,10,"newer",1,"40",90,FALSE,"ST AUGUSTINE_PENDER ST_E. LANE ST"
"90c6a7db-59a9-4973-ab0c-78e778d67e66","ST AUGUSTINE","E. LANE ST","OAKWOOD AV","Av",301,2,22,0,2,"1A",2022,1,79,NA,0,1,1,0,735.777777777778,"Yes","No",3,"No",1,6,"6","Open lowrise",10,0.679245283019,86.9945031243402,84.6773164078996,68.4265963580157,67.672395448427,82.7529573182802,80.8258881440034,10,"newer",1,"41",21,TRUE,"ST AUGUSTINE_E. LANE ST_OAKWOOD AV"
"7d4f0541-f966-4dea-a006-659c78a96652","REAVIS","METHOD RD","CHANEY RD","Rd",428,15,22,0,2,"1A",2022,1,66,NA,0,1,1,0,1046.22222222222,"Yes","No",1,"Yes",1,6,"6","Open lowrise",10,0.605633802817,86.1961286895129,84.3781391065948,69.6493422839106,68.9174205235072,84.0402475473832,81.7128627543547,10,"newer",1,"43",37,TRUE,"REAVIS_METHOD RD_CHANEY RD"
"4a54da76-34b3-49ed-bb9d-b12fc3feab95","TAMARACK","VALLEY ESTATES DR","BUCKEYE CT","Ct",329,6,24,0,2,"1A",2020,1,NA,NA,0,0,0,1,877.333333333333,"No","Yes",2,"No",1,6,"6","Open lowrise",5,0.555555555556,86.9856625607139,84.6899851748818,68.8996636240106,68.1709068699887,83.4594140303762,81.3785777844881,5,"older",1,"17",59,FALSE,"TAMARACK_VALLEY ESTATES DR_BUCKEYE CT"
"acac3c93-e57b-462c-9aff-e50cb43aa9d6","TANBARK","BUCKHEAD DR","GRIST MILL RD","Wy",204,22,36,0,2,"1A",2022,1,82,NA,0,1,1,0,816,"No","Yes",1,"Yes",1,6,"6","Open lowrise",5,0.864864864865,86.386315981547,84.379732131958,68.5575501124064,67.8261349995931,83.5980386734009,81.0507303873698,5,"newer",1,"44",73,FALSE,"TANBARK_BUCKHEAD DR_GRIST MILL RD"
"c793d7ac-4c9a-4bd1-845e-3fffb8c5a9ff","TANBARK","GRIST MILL RD","HARPS MILL RD","Wy",904,22,36,0,2,"1A",2022,1,82,NA,0,1,1,0,3616,"No","Yes",2,"Yes",1,6,"6","Open lowrise",5,0.60162601626,86.3593413106511,84.5082802933254,68.6372668662768,67.9834797034103,83.8677382737064,81.2144237046831,5,"newer",1,"45",93,FALSE,"TANBARK_GRIST MILL RD_HARPS MILL RD"
"9019c5e4-811c-4ab2-abf2-52bfccce9391","SHILOH","CDS","BELLOW ST","Ct",261,6,22,0,2,"1A",2022,1,74,NA,0,1,1,0,638,"No","Yes",1,"No",1,11,"A","Dense Trees (LCZ A)",4,1,85.5857459477016,83.3120574951172,67.5906445639474,67.0316502707345,81.2505318777902,79.4150366101946,4,"newer",1,"46",87,FALSE,"SHILOH_CDS_BELLOW ST"
"5785cb5f-1428-4136-8165-a14acb0d6c86","THE LAKES","LAKE HILL DR","LAKE HILL DR","Dr",442,8,36,0,2,"1A",2019,1,83,NA,0,1,1,0,1768,"No","Yes",1,"Yes",1,6,"6","Open lowrise",8,0.705882352941,85.9002232551575,84.3844741185506,68.7053257624308,67.9862713813782,83.4705235163371,81.4724362691244,8,"older",1,"48",77,FALSE,"THE LAKES_LAKE HILL DR_LAKE HILL DR"
"52a91083-cd1f-4c31-bad7-cb4cd02c3c37","THE LAKES","BEG PVMT PRIV PROP","LAKE HILL DR","Dr",643,8,36,0,2,"1A",2019,1,83,NA,0,1,1,0,2572,"No","Yes",1,"Yes",1,6,"6","Open lowrise",8,0.852941176471,85.908847432741,84.2116552003672,68.5137589145714,67.7860568409235,83.4297039408079,81.360655018981,8,"older",1,"49",105,FALSE,"THE LAKES_BEG PVMT PRIV PROP_LAKE HILL DR"
"6914358b-bbc3-486e-bc9b-c7621ca95f14","NORTHFIELD","LAKEMONT DR","CDS","Dr",1421,8,22,0,2,"1A",2022,1,57,NA,0,1,1,0,3473.55555555556,"Yes","Yes",15,"No",1,6,"6","Open lowrise",8,0.829896907216,86.2577556610107,84.2186514718192,68.5719947269984,67.9017047337123,83.1535694667271,80.7426765986851,8,"newer",1,"50",39,FALSE,"NORTHFIELD_LAKEMONT DR_CDS"
"cffd2d5a-f53f-408e-9107-6c25e3ad39f7","PINEVIEW","KAPLAN DR","WICKHAM RD","Dr",348,8,26,0,2,"1A",2021,1,NA,NA,0,0,0,1,1005.33333333333,"Yes","Yes",4,"No",1,6,"6","Open lowrise",6,0.965517241379,85.7175010122904,84.1328035680259,68.3820562595274,67.7776993542183,83.5513588509909,80.383710721644,6,"newer",1,"11",1,TRUE,"PINEVIEW_KAPLAN DR_WICKHAM RD"
"a44691a2-9a14-4e21-9b37-4f04e10dd53d","PINEVIEW","WICKHAM RD","NEWCASTLE RD","Dr",377,8,26,0,2,"1A",2021,1,NA,NA,0,0,0,1,1089.11111111111,"Yes","Yes",2,"No",1,6,"6","Open lowrise",6,1,85.6014733663419,83.8941572235852,68.2532056482827,67.6606800730635,83.3184194797423,80.3642526021818,6,"newer",1,"18",92,FALSE,"PINEVIEW_WICKHAM RD_NEWCASTLE RD"
"9ad46696-094a-4483-a132-e9c4dc4d4c27","ROTHGEB","WEBB ST","WALDEN PL","Dr",1337,8,22,0,2,"1A",2021,1,NA,NA,0,0,0,1,3268.22222222222,"Yes","Yes",8,"No",1,11,"A","Dense Trees (LCZ A)",5,0.844086021505,84.968752679024,82.9638298558825,68.2287535922218,67.3605091590008,81.3087801168893,79.6186281160544,5,"newer",1,"4",26,FALSE,"ROTHGEB_WEBB ST_WALDEN PL"
"c3654464-df8e-45c0-9d2f-f8f253665a3f","OAKWOOD","N. TARBORO ST","ST AUGUSTINE AV","Av",1003,2,30,0,2,"1A",2022,1,58,NA,0,1,1,0,3343.33333333333,"Yes","Yes",12,"Yes",1,6,"6","Open lowrise",10,0.0140845070423,87.1107601589627,84.8822372898911,68.5610743821269,67.7641539910827,84.1597440315015,81.3728122133197,10,"newer",1,"53",86,FALSE,"OAKWOOD_N. TARBORO ST_ST AUGUSTINE AV"
"4fd9e761-2cf4-4357-92af-073d8482207b","OAKWOOD","ST AUGUSTINE AV","HILL ST","Av",391,2,30,0,2,"1A",2022,1,58,NA,0,1,1,0,1303.33333333333,"Yes","Yes",3,"Yes",1,6,"6","Open lowrise",10,0,87.2174252596768,84.8024272918701,68.6164415532892,67.9141684445468,83.8412368080833,81.1101535450329,10,"newer",1,"54",27,TRUE,"OAKWOOD_ST AUGUSTINE AV_HILL ST"
"d0049fb5-08ff-403d-95f3-68960eb9ef52","OBERLIN","CRAIG ST","COLONIAL RD","Rd",1172,15,30,0,2,"1A",2023,1,NA,NA,0,0,0,1,3906.66666666667,"Yes","Yes",9,"Yes",1,6,"6","Open lowrise",7,0.907407407407,86.6773291315351,84.4057137625558,69.344428403037,68.7813267707825,83.8120220048087,81.1698162215097,7,"newer",1,"88",104,FALSE,"OBERLIN_CRAIG ST_COLONIAL RD"
"7ef9d7e1-9f50-4def-bbe2-0f2f5f80fc34","OBERLIN","COLONIAL RD","DOVER RD","Rd",471,15,30,0,2,"1A",2023,1,NA,NA,0,0,0,1,1570,"Yes","Yes",3,"Yes",1,6,"6","Open lowrise",8,0.56338028169,86.455927213033,84.4019556045532,69.1620365778605,68.6156558990478,83.7814302444458,81.2088405291239,8,"newer",1,"57",64,FALSE,"OBERLIN_COLONIAL RD_DOVER RD"
"ba5862b1-9b9f-4d49-a580-36e29efe80a5","PLAZA","TURNSTONE DR","TROONE CT","Pl",494,12,36,0,2,"1A",2020,1,NA,NA,0,0,0,1,1976,"Yes","Yes",2,"Yes",1,6,"6","Open lowrise",6,0.945205479452,86.063894712008,84.1676070873554,68.1672592163086,67.5438543466421,83.4829811683068,80.9838567880484,6,"older",1,"32",97,FALSE,"PLAZA_TURNSTONE DR_TROONE CT"
"aa6c86ca-c2b8-40c3-8948-3348ea07aad9","OBERLIN","MIDDLE CT","GREENWAY AV","Rd",287,15,27,0,2,"1A",2023,1,NA,NA,0,0,0,1,861,"Yes","Yes",2,"Yes",1,6,"6","Open lowrise",6,0.458333333333,85.5932878063571,84.4319920693674,68.7944781395697,68.0666929675687,84.2191196564705,81.8667395807082,6,"newer",1,"10",10,TRUE,"OBERLIN_MIDDLE CT_GREENWAY AV"
"a95dde09-a885-4c04-a971-6edeb654143b","OBERLIN","CARTIER DR","GLENWOOD AVE","Rd",612,15,34,0,2,"1A",2023,1,NA,NA,0,0,0,1,2312,"Yes","Yes",9,"Yes",1,6,"6","Open lowrise",6,0.5,85.8001032026987,84.7596044389029,68.8114525931222,67.9069073389446,84.3180515349857,82.3662361266121,6,"newer",1,"45",93,FALSE,"OBERLIN_CARTIER DR_GLENWOOD AVE"
"d384e850-dbd4-433a-9e27-7f27088808ca","WATAUGA","N. BOUNDARY ST","E. FRANKLIN ST","St",686,18,22,0,2,"1A",2021,1,NA,NA,0,0,0,1,1676.88888888889,"Yes","Yes",3,"Yes",1,6,"6","Open lowrise",10,0.61,87.1505746150363,85.0799828128538,69.1052260467972,68.2939257414444,84.5250804735267,81.4904394840849,10,"newer",1,"111",3,TRUE,"WATAUGA_N. BOUNDARY ST_E. FRANKLIN ST"
"12c0e083-82fb-433c-89f1-420022b7f2aa","PURDUE","BAYLOR CT","RADCLIFF RD","St",170,18,22,0,2,"1A",2023,1,NA,NA,0,0,0,1,415.555555555556,"Yes","Yes",2,"No",1,6,"6","Open lowrise",7,1,86.1340810602361,84.2624806490811,68.2243007313121,67.6153016523881,83.4581153176048,80.9551800814542,7,"newer",1,"23",19,TRUE,"PURDUE_BAYLOR CT_RADCLIFF RD"
"65408ac1-d3c2-4833-ab62-ba18b13aa2c2","PURDUE","BROOKHURST PL","DEVONWOOD PL","St",690,18,22,0,2,"1A",2023,1,NA,NA,0,0,0,1,1686.66666666667,"Yes","Yes",5,"Yes",1,6,"6","Open lowrise",7,1,86.3148304530552,83.9586044311523,68.2539787292481,67.498157610212,82.7537161690848,80.4322429112026,7,"newer",1,"60",55,FALSE,"PURDUE_BROOKHURST PL_DEVONWOOD PL"
"87d00ae7-0632-4bfd-9025-048e1f72b29a","PURDUE","DEVONWOOD PL","QUAIL HOLLOW DR","St",368,18,22,0,2,"1A",2023,1,NA,NA,0,0,0,1,899.555555555556,"Yes","Yes",1,"Yes",1,11,"A","Dense Trees (LCZ A)",7,0.559322033898,85.9440309524536,84.040502166748,68.4736951828003,67.7361778259277,83.4242532730103,80.93948802948,7,"newer",1,"105",2,TRUE,"PURDUE_DEVONWOOD PL_QUAIL HOLLOW DR"
"a2d1ca77-09fb-410a-be05-66e271ec274c","SCOUTING","LITCHFORD RD","CHEERFUL CT","Tr",146,20,36,0,2,"1A",2021,1,NA,NA,0,0,0,1,584,"No","Yes",1,"No",1,6,"6","Open lowrise",2,0.148148148148,85.9350479125977,84.2884140014648,68.7561882019043,68.0011135101318,83.9656276702881,81.2925727844238,2,"newer",1,"89",98,FALSE,"SCOUTING_LITCHFORD RD_CHEERFUL CT"
"6714fd8a-4cca-453f-9c1c-9915f0dcefcc","PARRISH","BATTERY DR","E. HARGETT ST","St",228,18,22,0,2,"1A",2022,1,60,NA,0,1,1,0,557.333333333333,"Yes","Yes",2,"No",1,6,"6","Open lowrise",10,0.452380952381,87.0058643735688,84.8188889602135,68.9483705717942,68.1739804498081,84.1492041226091,81.0619812011719,10,"newer",1,"56",44,FALSE,"PARRISH_BATTERY DR_E. HARGETT ST"
"ac047f7e-3ef7-442b-8ec7-7cd2bc357af2","PARRISH","E. HARGETT ST","E. MARTIN ST","St",476,18,22,0,2,"1A",2022,1,60,NA,0,1,1,0,1163.55555555556,"Yes","Yes",4,"No",1,6,"6","Open lowrise",10,0.671232876712,87.1250905257005,84.7790753291203,68.6509684049166,67.9766955742469,83.778846007127,80.9105281829834,10,"newer",1,"57",64,FALSE,"PARRISH_E. HARGETT ST_E. MARTIN ST"
"0e08a660-1bb2-4793-b2c4-e2d058badd33","SEDGEFIELD","MILLBROOK RD","CDS","Dr",610,8,22,0,2,"1A",2023,1,NA,NA,0,0,0,1,1491.11111111111,"Yes","Yes",5,"No",1,6,"6","Open lowrise",8,0.86170212766,86.8435082435608,84.2433958053589,68.8782091140747,68.2892928123474,83.931324839592,81.2404425144195,8,"newer",1,"104",79,FALSE,"SEDGEFIELD_MILLBROOK RD_CDS"
"962bd950-3bfb-4898-b2b8-813bcb0792dc","RADCLIFF","PRINCETON ST","HARVARD ST","Rd",415,15,22,0,2,"1A",2023,1,NA,NA,0,0,0,1,1014.44444444444,"Yes","Yes",2,"No",1,6,"6","Open lowrise",7,0.619047619048,85.5567073822022,83.6384478482333,68.0820161646063,67.3715369484641,82.5123743577437,80.3122725053267,7,"newer",1,"65",108,FALSE,"RADCLIFF_PRINCETON ST_HARVARD ST"
"089ef250-852a-4ba3-a0fd-5e45acf46c05","RADCLIFF","HARVARD ST","YALE ST","Rd",323,15,22,0,2,"1A",2023,1,NA,NA,0,0,0,1,789.555555555556,"Yes","Yes",3,"No",1,6,"6","Open lowrise",7,0.333333333333,85.9625538720025,83.919017791748,68.17504035102,67.4815343221029,82.7537027994792,80.5697860717773,7,"newer",1,"66",89,FALSE,"RADCLIFF_HARVARD ST_YALE ST"
"330c0731-8fc9-44f1-a7e8-0166be4d8883","RADCLIFF","YALE ST","PURDUE ST","Rd",1431,15,22,0,2,"1A",2023,1,NA,NA,0,0,0,1,3498,"Yes","Yes",10,"No",1,6,"6","Open lowrise",7,0.944444444444,86.102375114051,84.1069357099324,68.163793355009,67.5469335291507,82.9840915429331,80.7548609824076,7,"newer",1,"107",83,FALSE,"RADCLIFF_YALE ST_PURDUE ST"
"b304814c-0696-4512-8efb-80b77ae0a63d","RAINWATER","BRIARFOREST PL","TEALWOOD PL","Rd",240,15,37,0,2,"1A",2021,1,NA,NA,0,0,0,1,986.666666666667,"No","Yes",1,"Yes",1,6,"6","Open lowrise",8,0.926829268293,86.4445369243622,84.1045410633087,68.2609524726868,67.6931774616241,83.829377412796,81.1247651576996,8,"newer",1,"55",61,FALSE,"RAINWATER_BRIARFOREST PL_TEALWOOD PL"
"7b1a6b75-6c94-4a50-83e1-1720ca9cbbff","RAINWATER","BELLECHASSE DR","PVMT CHG #6724","Rd",287,15,37,0,2,"1A",2021,1,NA,NA,0,0,0,1,1179.88888888889,"No","Yes",1,"Yes",1,6,"6","Open lowrise",6,0.958333333333,86.0099355909559,83.664329316881,68.5595910814073,67.8294923570421,83.2755487230089,80.6769282023112,6,"newer",1,"81",35,TRUE,"RAINWATER_BELLECHASSE DR_PVMT CHG #6724"
"d4b44218-5cb1-465f-bc53-d50eb256b5ed","RAINWATER","PVMT CHG #6724","NORTH RIDGE DR","Rd",852,15,37,0,2,"1A",2021,1,NA,NA,0,0,0,1,3502.66666666667,"No","Yes",3,"Yes",1,11,"A","Dense Trees (LCZ A)",6,0.948717948718,85.5358371499144,82.9905776035638,68.2527185133946,67.5856082115644,82.8424156094775,80.3759289965218,6,"newer",1,"87",69,FALSE,"RAINWATER_PVMT CHG #6724_NORTH RIDGE DR"
"58ada0fd-cb92-4860-8139-bb2a2e1d3eff","RAVENWOOD","GROVE AV","MELBOURNE RD","Dr",617,8,26,0,2,"1A",2019,1,65,NA,0,1,1,0,1782.44444444444,"Yes","No",4,"Yes",1,11,"A","Dense Trees (LCZ A)",6,0.438202247191,86.6241461331727,84.0520574851114,68.4296234631148,67.819540930576,83.371823045074,80.5064130689277,6,"older",1,"58",112,FALSE,"RAVENWOOD_GROVE AV_MELBOURNE RD"
"ecf5c69a-186a-4637-b98c-11068381b7f3","SPRINGHOUSE","BLAKEHURST DR","CDS","Ln",541,10,21,0,2,"1A",2023,1,NA,NA,0,0,0,1,1262.33333333333,"No","Yes",2,"Yes",1,6,"6","Open lowrise",3,0.6875,86.9060702407569,84.8610933538069,68.7054198415656,67.9700863486842,83.9975345009252,81.25779737506,3,"newer",1,"103",28,TRUE,"SPRINGHOUSE_BLAKEHURST DR_CDS"
"2965a71c-12bb-45d8-aaac-39ae69c25850","CUB","DEANWOOD DR","DAHLGREEN RD","Tr",487,20,36,0,2,"1A",2021,1,NA,NA,0,0,0,1,1948,"No","Yes",1,"Yes",1,6,"6","Open lowrise",3,0.239436619718,85.8330378812902,84.2266857670802,68.5457331339518,67.784958932914,83.6840938493317,81.265557681813,3,"newer",1,"94",30,TRUE,"CUB_DEANWOOD DR_DAHLGREEN RD"
"4769a423-aa38-4124-ad2a-5ccb57548432","WILD DUNES","LONG POINT CT","GRAND CYPRESS CT","Dr",254,8,26,0,2,"1A",2022,1,90,NA,0,1,1,0,733.777777777778,"No","Yes",1,"No",1,6,"6","Open lowrise",8,0.825,86.9554766950936,84.4365426425276,68.1889882580987,67.3893387893151,84.016823078024,80.9365686877021,8,"newer",1,"59",7,FALSE,"WILD DUNES_LONG POINT CT_GRAND CYPRESS CT"
"8a6f1277-e717-4901-92a4-ec27cd110812","WILD DUNES","ROYAL TROON DR","LONG POINT CT","Dr",599,8,26,0,2,"1A",2022,1,90,NA,0,1,1,0,1730.44444444444,"No","Yes",1,"No",1,6,"6","Open lowrise",8,0.943820224719,86.5619563118356,84.1826105586818,68.2807762271068,67.5694068533475,83.2663818109231,80.6173847386094,8,"newer",1,"60",55,FALSE,"WILD DUNES_ROYAL TROON DR_LONG POINT CT"
"c22586cc-4b4a-4507-8394-238bdc7bdc35","FOREST HIGHLAND","FIRESTONE LN","LAUREL VALLEY WY","Dr",1644,8,18,0,2,"1A",2022,1,22,NA,0,1,1,0,3288,"No","Yes",1,"No",1,6,"6","Open lowrise",8,0.47619047619,86.6276817081859,84.3045641821136,68.0388115936855,67.3987472342245,84.0538446198469,81.3205205569478,8,"newer",1,"61",62,FALSE,"FOREST HIGHLAND_FIRESTONE LN_LAUREL VALLEY WY"
"7e2012f8-6e2d-411d-9b62-ed85c716c402","FOREST HIGHLAND","LAUREL VALLEY WY","FIRESTONE LN","Dr",1191,8,18,0,2,"1A",2022,1,22,NA,0,1,1,0,2382,"No","Yes",1,"No",1,6,"6","Open lowrise",8,0.479289940828,86.6325131337577,84.2810703942535,67.9325445332659,67.325737349484,84.0121417264326,81.1452473631693,8,"newer",1,"62",80,FALSE,"FOREST HIGHLAND_LAUREL VALLEY WY_FIRESTONE LN"
"ebdcc93c-4fee-4272-a547-c74bf97cd29f","LAUREL VALLEY","EAGLE TRACE DR","FOREST HIGHLAND DR S.","Wy",430,22,18,0,2,"1A",2022,1,38,NA,0,1,1,0,860,"No","Yes",1,"No",1,6,"6","Open lowrise",8,0.0454545454545,86.780083916404,84.2626294222745,68.1248775828968,67.4760847958652,84.5610580444336,81.4149426546964,8,"newer",1,"63",34,FALSE,"LAUREL VALLEY_EAGLE TRACE DR_FOREST HIGHLAND DR S."
"64108ae5-4faa-4962-a419-203f4eda7bc7","INDIANWOOD","W. CDS","ROYAL MELBOURNE DR","Ct",357,6,18,0,2,"1A",2022,1,33,NA,0,1,1,0,714,"No","Yes",1,"No",1,6,"6","Open lowrise",8,0.327586206897,87.3114136915941,84.8255861722506,68.4955892318334,67.7736935737805,84.7338702862079,81.4709267249474,8,"newer",1,"64",18,FALSE,"INDIANWOOD_W. CDS_ROYAL MELBOURNE DR"
"dbe3f3ce-e5bd-4108-950b-9f949d1048fe","MUIRFIELD VILLAGE","EAGLE TRACE DR","SHADOWCREEK DR","Wy",288,22,18,0,2,"1A",2022,1,54,NA,0,1,1,0,576,"No","Yes",2,"No",1,6,"6","Open lowrise",8,0.644444444444,87.223331124442,84.9010515485491,68.8023771013532,68.1418655395508,84.2894659859793,81.3511936732701,8,"newer",1,"65",108,FALSE,"MUIRFIELD VILLAGE_EAGLE TRACE DR_SHADOWCREEK DR"
"ff6ad5a9-3813-4fb6-8e09-5418492766ba","ANCLOTE","RIDGE RD","CDS","Pl",390,12,22,0,2,"1A",2018,1,NA,NA,0,0,0,1,953.333333333333,"Yes","No",3,"No",1,11,"A","Dense Trees (LCZ A)",6,0.239436619718,85.6915684654599,83.9559753054664,68.5050710042318,67.7952137901669,83.0801613217308,80.9036425635928,6,"older",1,"100",42,FALSE,"ANCLOTE_RIDGE RD_CDS"
"88d764eb-bebf-4f23-ba1f-37b6b500e690","ARROW","END MAINT #3904","GLENWOOD AVE","Dr",1160,8,22,0,2,"1A",2022,1,3,NA,0,1,1,0,2835.55555555556,"Yes","Yes",7,"Yes",1,8,"8","Large lowrise",8,0.291139240506,86.750340662965,84.683855809203,69.9275676482314,68.9595459404342,84.0094092132848,81.9372806374086,8,"newer",1,"66",89,FALSE,"ARROW_END MAINT #3904_GLENWOOD AVE"
"a46ce4d4-c1a0-4f58-b3e0-063ad7eacbc7","FARMINGTON GROVE","HALLBERG LN","SORRILLS CREEK LN","Dr",491,8,22,0,2,"1A",2022,1,19,NA,0,1,1,0,1200.22222222222,"No","Yes",1,"Yes",1,6,"6","Open lowrise",NA,0.945945945946,87.1801128747328,84.6454803178895,67.9996307660949,67.3036582514925,83.7970262923331,81.1740624769679,2,"newer",1,"67",31,TRUE,"FARMINGTON GROVE_HALLBERG LN_SORRILLS CREEK LN"
"a656c592-03c8-49bb-b7a1-ba2ef30a482c","FARMINGTON GROVE","SORRILLS CREEK LN","DUVAL ST","Dr",968,8,22,0,2,"1A",2022,1,19,NA,0,1,1,0,2366.22222222222,"No","Yes",3,"Yes",1,6,"6","Open lowrise",NA,0.676691729323,87.2050426564318,84.8209973599049,68.016598721768,67.3486733132221,84.6644601213171,81.9058819222957,2,"newer",1,"68",70,FALSE,"FARMINGTON GROVE_SORRILLS CREEK LN_DUVAL ST"
"62e98b58-5fe5-462e-9a1e-a41c7ccc0eae","FARMINGTON GROVE","DUVAL ST","SMITH BASIN LN","Dr",474,8,22,0,2,"1A",2022,1,19,NA,0,1,1,0,1158.66666666667,"No","Yes",1,"Yes",1,6,"6","Open lowrise",NA,0.875,87.0685194510001,84.4661952831127,67.8950773168493,67.2954194810655,84.0389012937192,81.480396270752,2,"newer",1,"69",52,FALSE,"FARMINGTON GROVE_DUVAL ST_SMITH BASIN LN"
"9588d17e-8f5f-41fe-a1ef-a4b74912f73b","FARMINGTON GROVE","SMITH BASIN LN","FALLS RIVER AV","Dr",530,8,22,0,2,"1A",2022,1,19,NA,0,1,1,0,1295.55555555556,"No","Yes",1,"Yes",1,6,"6","Open lowrise",NA,0.883116883117,86.8892001745836,84.3942147021023,67.8016937543761,67.162427362406,83.5502998783903,81.383053041854,2,"newer",1,"70",116,FALSE,"FARMINGTON GROVE_SMITH BASIN LN_FALLS RIVER AV"
"0cd6cea7-140d-44dd-80a5-01078cf9322d","SMITH BASIN","CDS","FARMINGTON GROVE DR","Ln",445,10,18,0,2,"1A",2019,1,77,NA,0,1,1,0,890,"No","Yes",3,"Yes",1,6,"6","Open lowrise",NA,0.969696969697,87.0997071266174,84.0024366378784,67.7054974238078,67.0928605397542,82.7928902308146,80.524306456248,2,"older",1,"71",4,TRUE,"SMITH BASIN_CDS_FARMINGTON GROVE DR"
"dda2373d-67d9-4cd8-94fb-65a62a6cf45e","WILDER","METHOD RD","CDS","St",607,18,22,0,2,"1A",2022,1,91,NA,0,1,1,0,1483.77777777778,"Yes","No",3,"No",1,6,"6","Open lowrise",10,0.752941176471,85.9583216905594,84.1534270048141,69.3484820127487,68.5547205209732,83.5934511423111,81.3315547704697,10,"newer",1,"72",43,FALSE,"WILDER_METHOD RD_CDS"
"3d228162-9725-4b18-9c31-38591fea07d9","OLD DEER","SUMMERSPRINGS LN","OLD WELL LN","Tr",653,20,36,0,2,"1A",2021,1,NA,NA,0,0,0,1,2612,"No","Yes",3,"Yes",1,6,"6","Open lowrise",5,0.795918367347,85.9791400793827,83.74443990534,67.5990964716131,66.9752346385609,82.5257680488355,80.357029654763,5,"newer",1,"44",73,FALSE,"OLD DEER_SUMMERSPRINGS LN_OLD WELL LN"
"fd1da4a4-9122-4b05-93ea-f2a945777930","CORPORATE CENTER","CONFERENCE DR","TRINITY RD","Dr",2467,8,36,0,2,"1A",2019,1,NA,NA,0,0,0,1,9868,"No","Yes",9,"Yes",1,11,"A","Dense Trees (LCZ A)",3,0.894259818731,86.636191388394,83.9344189014841,69.4024306358175,68.5627890647726,83.200497769295,80.7515990074645,3,"older",1,"96",22,TRUE,"CORPORATE CENTER_CONFERENCE DR_TRINITY RD"
"76589bc2-82cd-4829-8089-a7334e8b10be","PULLEN","CATES AV","WESTERN BLVD BRIDGE","Rd",600,15,22,0,2,"1A",2022,1,NA,NA,0,0,0,1,1466.66666666667,"Yes","Yes",3,"Yes",1,12,"B","Scattered Trees (LCZ B)",9,0.758620689655,84.6861098984541,82.6663152403751,68.0526724346614,67.5002820289741,82.2044050572282,80.1406432329598,9,"newer",1,"109",106,FALSE,"PULLEN_CATES AV_WESTERN BLVD BRIDGE"
"93f26941-a7f9-4d58-acc2-1c078094cc23","PULLEN","DUNN AV","CATES AV","Rd",726,15,36,0,2,"1A",2022,1,NA,NA,0,0,0,1,2904,"Yes","Yes",4,"Yes",1,12,"B","Scattered Trees (LCZ B)",9,0.87037037037,85.4880766997466,83.5967332994616,68.9243732143093,68.2453362748429,83.4587110570959,81.1447189949654,9,"newer",1,"42",75,FALSE,"PULLEN_DUNN AV_CATES AV"
"5f7bedf1-7c82-4738-827a-4540305dcdaf","NORTH HILLS","LEAD MINE RD","HILLOCK DR","Dr",499,8,40,0,2,"1A",2019,1,56,NA,0,1,1,0,2217.77777777778,"Yes","Yes",6,"Yes",1,8,"8","Large lowrise",8,0.36,87.3098748779297,85.5671884155274,70.186764831543,69.2102819824218,84.2996423339844,82.1146884155273,8,"older",1,"73",63,FALSE,"NORTH HILLS_LEAD MINE RD_HILLOCK DR"
"a8a44a33-ab71-4bd9-8c22-aade1f0beabe","NORTH HILLS","HILLOCK DR","HILLOCK DR","Dr",2094,8,40,0,2,"1A",2019,1,56,NA,0,1,1,0,9306.66666666667,"Yes","Yes",13,"Yes",1,6,"6","Open lowrise",8,0.734265734266,86.6647641731031,84.3005849664861,69.0220939173843,68.1874797705448,82.8295166323883,80.501341270678,8,"older",1,"74",72,FALSE,"NORTH HILLS_HILLOCK DR_HILLOCK DR"
"1bb466b1-3180-42d0-a71d-6895b30e9a36","NORTH HILLS","HILLOCK DR","OLD VILLAGE RD","Dr",388,8,40,0,2,"1A",2019,1,56,NA,0,1,1,0,1724.44444444444,"Yes","Yes",3,"Yes",1,6,"6","Open lowrise",7,0.8,86.3827223666878,83.8772451711256,68.2366274456645,67.4575764855673,81.9541260475336,79.7853670342024,7,"older",1,"75",60,FALSE,"NORTH HILLS_HILLOCK DR_OLD VILLAGE RD"
"532018f3-017a-4f45-a2c1-44dbf670df60","NORTH HILLS","OLD VILLAGE RD","NORTHBROOK DR","Dr",1436,8,40,0,2,"1A",2019,1,56,NA,0,1,1,0,6382.22222222222,"Yes","Yes",9,"Yes",1,11,"A","Dense Trees (LCZ A)",7,0.70202020202,85.510784867881,83.1043952167898,67.8692315143088,67.1528553617173,81.166159864785,79.4314626057943,7,"older",1,"76",71,FALSE,"NORTH HILLS_OLD VILLAGE RD_NORTHBROOK DR"
"9757922c-bebd-41b7-9657-499f7935211a","LOOKOUT MOUNTAIN","RAY RD","LAUREL MOUNTAIN RD","Rd",1489,15,42,0,2,"1A",2019,1,NA,NA,0,0,0,1,6948.66666666667,"No","Yes",4,"Yes",1,6,"6","Open lowrise",3,0.895238095238,85.9927012984817,84.1556935696988,67.9247800981676,67.1941988661483,83.352325542553,80.9235780045792,3,"older",1,"97",107,FALSE,"LOOKOUT MOUNTAIN_RAY RD_LAUREL MOUNTAIN RD"
"04231cc9-dd90-4113-b0ef-09a67fbd39a4","WINTERGREEN","PINE TREE CT","CREPE MYRTLE CT","Dr",313,8,22,0,2,"1A",2023,1,NA,NA,0,0,0,1,765.111111111111,"No","Yes",1,"Yes",1,6,"6","Open lowrise",5,0.94,86.8051040237014,84.1829359724715,67.7946294836096,67.2645993619352,83.4952994681693,81.0292236740525,5,"newer",1,"115",9,TRUE,"WINTERGREEN_PINE TREE CT_CREPE MYRTLE CT"
"e2ae1a52-4d1b-4861-8fdd-f4c7a0d5137d","FARMINGTON GROVE","FALLS RIVER AV","HALLBERG LN","Dr",711,8,22,0,2,"1A",2022,1,19,NA,0,1,1,0,1738,"No","Yes",2,"Yes",1,6,"6","Open lowrise",NA,0.971153846154,86.3582447899712,84.063391579522,68.284809006585,67.6371895472209,83.2473890516493,80.7683002683851,2,"newer",1,"78",33,FALSE,"FARMINGTON GROVE_FALLS RIVER AV_HALLBERG LN"
"8690cd26-a7ce-448b-a6f2-e68ea6dfb363","HARVEST OAKS","STRICKLAND RD","LEAD MINE RD","Dr",974,8,44,0,4,"1A",2022,1,28,NA,0,1,1,0,4761.77777777778,"No","Yes",4,"Yes",1,6,"6","Open lowrise",2,0.283687943262,86.2078804723995,85.0963104877275,69.6102893475404,68.6904111252617,84.4646663862405,82.3295773378352,2,"newer",1,"79",49,FALSE,"HARVEST OAKS_STRICKLAND RD_LEAD MINE RD"
"e0911d48-23ae-4ce2-8562-ae6c1a666ff9","DELTA LAKE","GLENCREE CT","DELTA VISION CT","Dr",1360,8,36,0,2,"1A",2020,1,NA,NA,0,0,0,1,5440,"No","Yes",7,"Yes",1,6,"6","Open lowrise",8,0.747311827957,86.4267425537109,84.1944835369404,68.2894486060509,67.6172800504244,83.0864633413462,80.8485966609074,8,"older",1,"76",71,FALSE,"DELTA LAKE_GLENCREE CT_DELTA VISION CT"
"facec993-8271-4ab5-9cb8-b4efb49ca654","DELTA LAKE","DELTA VISION CT","POYNER RD","Dr",1769,8,36,0,2,"1A",2020,1,NA,NA,0,0,0,1,7076,"No","Yes",8,"Yes",1,6,"6","Open lowrise",8,0.7625,86.3096689980411,84.2230086016232,68.6572462905793,67.9786690706332,83.0981920231023,80.8545618452264,8,"older",1,"74",72,FALSE,"DELTA LAKE_DELTA VISION CT_POYNER RD"
"10922e27-608d-42d4-8e74-ebf299905266","CLUB HILL","ARNOLD PALMER DR","GOLF LINK DR","Dr",1085,8,26,0,2,"1A",2018,1,NA,NA,0,0,0,1,3134.44444444444,"No","Yes",2,"Yes",1,6,"6","Open lowrise",6,0.715277777778,86.4010735321045,84.4372264862061,68.4053439331055,67.6893647766113,83.7572412109375,81.4384309387207,6,"older",1,"19",84,FALSE,"CLUB HILL_ARNOLD PALMER DR_GOLF LINK DR"
"1f8457d2-591c-4aad-8ec6-6b5e16f86317","LITTLE BRIER CREEK","TW ALEXANDER DR","BRIER CREEK PKWY","Ln",4107,10,36,0,3,"1A",2022,1,42,NA,0,1,1,0,16428,"No","Yes",20,"Yes",1,12,"B","Scattered Trees (LCZ B)",7,0.499036608863,85.4279155001614,84.200045205205,68.7788052793409,67.9119912236115,83.4213010235562,81.3088436439388,7,"newer",1,"80",11,TRUE,"LITTLE BRIER CREEK_TW ALEXANDER DR_BRIER CREEK PKWY"
"43442a74-f136-48d4-b5c2-bd5ea64ffb33","NORTH EXETER","SPINDLEWOOD CT","SHADY GROVE RD","Wy",872,22,31,0,2,"1A",2018,1,NA,NA,0,0,0,1,3003.55555555556,"No","Yes",6,"Yes",1,12,"B","Scattered Trees (LCZ B)",NA,0.152,86.112584243586,84.3413963788822,68.1048401255666,67.4566109739704,83.4665553716966,81.3449718334057,1,"older",1,"99",81,FALSE,"NORTH EXETER_SPINDLEWOOD CT_SHADY GROVE RD"
"d1b8ac7e-7c9e-434d-8eac-6b6e0af7aedf","HEATHGATE","BROOKWAY CT","STAGWOOD LN","Ln",201,10,26,0,2,"1A",2021,1,NA,NA,0,0,0,1,580.666666666667,"No","Yes",2,"Yes",1,6,"6","Open lowrise",2,0.918918918919,86.3882242838542,84.360723707411,67.4106021457248,66.9118039166486,82.4985696298105,80.3413450453017,2,"newer",1,"78",33,FALSE,"HEATHGATE_BROOKWAY CT_STAGWOOD LN"
"5ff1e37b-03eb-4600-a9d3-73198dd298ca","TRIANGLE TOWN","SUMNER BV","OLD WAKE FOREST RD","Bv",1510,4,60,0,5,"1A",2019,1,85,NA,0,1,1,0,10066.6666666667,"No","Yes",12,"Yes",1,8,"8","Large lowrise",9,0,85.4054430731412,85.0601835579707,70.7794786650559,69.8956169917666,84.5088440993737,82.7196345888335,9,"older",1,"82",6,TRUE,"TRIANGLE TOWN_SUMNER BV_OLD WAKE FOREST RD"
"c906ee7f-1ea9-48a7-a180-30504d7858fc","SUMNER","CAPITAL BLVD","DILLARDS ENT","Bv",1132,4,60,0,5,"1A",2019,1,80,NA,0,1,1,0,7546.66666666667,"No","Yes",8,"Yes",1,8,"8","Large lowrise",10,0.0377358490566,85.7054905361599,85.1338234654179,71.0612489912245,70.207027859158,84.4758722517225,82.8617227342394,10,"older",1,"83",65,FALSE,"SUMNER_CAPITAL BLVD_DILLARDS ENT"
"3d2d64e0-e95a-44f3-8baf-33ccad22352a","FALLS OF NEUSE","SPRUCE TREE WY","WAKEFIELD PINES DR","Rd",1240,15,60,0,4,"1A",2019,1,NA,NA,0,0,0,1,8266.66666666667,"No","Yes",6,"Yes",1,6,"6","Open lowrise",2,0,86.5942393070509,85.406602619075,69.3235577495158,68.5389022827148,84.8327971386308,82.4150886856207,2,"older",1,"98",74,FALSE,"FALLS OF NEUSE_SPRUCE TREE WY_WAKEFIELD PINES DR"
"6c668ba6-6e93-46db-8dc8-26bde9b154ac","BENNETTWOOD","TULARE CT","CDS","Ct",441,6,21,0,2,"1A",2020,1,NA,NA,0,0,0,1,1029,"No","Yes",2,"Yes",1,6,"6","Open lowrise",4,0.272727272727,87.099760055542,85.1602361996969,68.9129686355591,68.1722965240478,84.2426373163859,81.4896341959635,4,"older",1,"102",51,FALSE,"BENNETTWOOD_TULARE CT_CDS"
"34e21cd3-42c4-41a7-9678-4e77b86a9c8f","WILD DUNES","HARBOUR TOWNE DR","ROYAL TROON DR","Dr",711,8,26,0,2,"1A",2022,1,90,NA,0,1,1,0,2054,"No","Yes",1,"No",1,6,"6","Open lowrise",9,0.34375,86.8280836188275,84.6786094333815,67.7499677409296,67.1075523210608,83.8196326546047,81.0153735616933,9,"newer",1,"86",96,FALSE,"WILD DUNES_HARBOUR TOWNE DR_ROYAL TROON DR"
"93ba64a7-9b8d-4f49-88bd-03f24e0d10d3","ATLANTIC","WIDTH CHG #2609","MEADOW WOOD BV","Av",862,2,48,0,4,"1A",2020,1,NA,NA,0,0,0,1,4597.33333333333,"No","Yes",2,"No",1,11,"A","Dense Trees (LCZ A)",10,0.830508474576,84.7737352324695,83.5836016957353,70.3269095071932,69.5085159860006,82.748028359762,80.8361310261051,10,"older",1,"13",115,FALSE,"ATLANTIC_WIDTH CHG #2609_MEADOW WOOD BV"
"a15e5f8c-f4a1-4326-9854-b303dc4954f2","SOUTHGATE","PURPLE GARNET WY","SMOKY TOPAZ LN","Dr",614,8,26,0,2,"1A",2020,1,NA,NA,0,0,0,1,1773.77777777778,"No","Yes",1,"Yes",1,6,"6","Open lowrise",6,0.0333333333333,86.5814598798752,84.2421934604645,67.9945484399796,67.347393155098,83.5643329620361,80.8990740776062,6,"older",1,"101",45,FALSE,"SOUTHGATE_PURPLE GARNET WY_SMOKY TOPAZ LN"
"c41f8fe0-4cb3-4e5c-994c-912547c3db6a","PULLEN","WATAUGA CLUB DR","STINSON DR","Rd",327,15,32,0,3,"1A",2022,1,NA,NA,0,0,0,1,1162.66666666667,"Yes","Yes",2,"Yes",1,5,"5","Open midrise",10,0.0416666666667,85.8209690767176,84.5801586824305,69.81790228451,69.111400828642,84.24535594267,81.769053515266,10,"newer",1,"20",53,FALSE,"PULLEN_WATAUGA CLUB DR_STINSON DR"
"b1d69557-db35-48d8-85ba-e1a9dbb615d7","ATLANTIC","PACIFIC DR","MILLBROOK RD","Av",2270,2,50,0,5,"1A",2018,1,NA,NA,0,0,0,1,12611.1111111111,"No","Yes",13,"Yes",1,6,"6","Open lowrise",10,0.152103559871,85.9633745617337,84.9392298592461,69.5650580370867,68.7684105413931,84.6120956208971,82.5579563423438,10,"older",1,"83",65,FALSE,"ATLANTIC_PACIFIC DR_MILLBROOK RD"
"d061fe6a-cbc4-44af-bbbf-04e84fe8a1e7","DUNN","FALLS OF NEUSE RD","KENDLE CREST LN","Rd",1666,15,45,0,4,"1A",2023,1,NA,NA,0,0,0,1,8330,"Yes","Yes",6,"Yes",1,6,"6","Open lowrise",1,0.604347826087,86.7992902902457,84.8479304191393,68.8668373792599,68.1796218676445,84.0796893193171,81.5756956736247,1,"newer",1,"92",113,FALSE,"DUNN_FALLS OF NEUSE RD_KENDLE CREST LN"
"0fd8eaa4-7ba2-42c0-ae45-6c100a44c83c","DUNN","ELEGANCE DR","OAKCROFT DR","Rd",717,15,45,0,4,"1A",2023,1,NA,NA,0,0,0,1,3585,"Yes","Yes",4,"Yes",1,6,"6","Open lowrise",1,0.728155339806,86.8088739755991,84.6989987347577,68.7756344563252,68.3530241476523,84.6032218933105,81.9714575071593,1,"newer",1,"93",20,TRUE,"DUNN_ELEGANCE DR_OAKCROFT DR"
"2b8b9406-a0e9-42ea-8f0d-2594718d6041","DUNN","FALLSRIVER/DUNN N. CR","FALLS LANDING DR","Rd",495,15,55,0,3,"1A",2023,1,NA,NA,0,0,0,1,3025,"Yes","Yes",3,"Yes",1,6,"6","Open lowrise",2,0.226666666667,86.9598264874152,84.9033688239331,68.5492997079525,68.0564569437279,84.7386159357035,81.9466204373341,2,"newer",1,"91",58,FALSE,"DUNN_FALLSRIVER/DUNN N. CR_FALLS LANDING DR"
"8560c46e-7454-4864-ae79-59331f2c7a18","COUNTRY","PINE TIMBER DR","PRIDE WY","Tr",2886,20,36,0,2,"1A",2019,1,NA,NA,0,0,0,1,11544,"Yes","Yes",16,"Yes",1,11,"A","Dense Trees (LCZ A)",3,0.653164556962,85.763874918998,83.8960146141761,68.1450249767659,67.4537985422354,82.9141618239392,80.6939516882914,3,"older",1,"35",13,TRUE,"COUNTRY_PINE TIMBER DR_PRIDE WY"
"9de4ee2a-dc48-49ef-ba65-73bff13777cf","PULLEN","STINSON DR","BAVER DR","Rd",539,15,32,0,2,"1A",2022,1,NA,NA,0,0,0,1,1916.44444444444,"Yes","Yes",2,"Yes",1,5,"5","Open midrise",10,0.4125,85.5146700772372,84.2537579623136,69.3543720592152,68.6731657548384,83.2002616188743,81.1182712901722,10,"newer",1,"56",44,FALSE,"PULLEN_STINSON DR_BAVER DR"
"5ce5409c-3035-4a62-9afa-2f7fe9a27c1c","WAKEFIELD PINES","OLD FALLS OF NEUSE RD","SCHOOLHOUSE ST","Dr",584,8,44,0,4,"1A",2022,1,88,NA,0,1,1,0,2855.11111111111,"No","Yes",2,"Yes",1,6,"6","Open lowrise",1,0.093023255814,86.5859363697193,84.6812710232205,68.3490456475152,67.6980036982784,84.4838530929,81.7422250818323,1,"newer",1,"89",98,FALSE,"WAKEFIELD PINES_OLD FALLS OF NEUSE RD_SCHOOLHOUSE ST"
"77e6ccae-f5b5-47f3-abb3-db53fb7943fe","WAKEFIELD PINES","SCHOOLHOUSE ST","MABRY MILL ST","Dr",836,8,66,0,6,"1A",2022,1,88,NA,0,1,1,0,6130.66666666667,"No","Yes",4,"Yes",1,6,"6","Open lowrise",1,0.0813008130081,87.1050037290992,84.7728742273842,68.5139282970893,67.8983202678401,84.4587154853635,81.9271425386754,1,"newer",1,"90",8,TRUE,"WAKEFIELD PINES_SCHOOLHOUSE ST_MABRY MILL ST"
"f3247e68-a0d8-4b7f-a2b7-4f1ab0803af5","WAKEFIELD PINES","MABRY MILL ST","WAKEFIELD ELEM SCH","Dr",715,8,55,0,5,"1A",2022,1,88,NA,0,1,1,0,4369.44444444444,"No","Yes",2,"Yes",1,6,"6","Open lowrise",1,0.08,87.4264593941825,84.9125362941197,68.6614962986537,67.9147275652204,84.0977410452707,81.5736461094447,1,"newer",1,"91",58,FALSE,"WAKEFIELD PINES_MABRY MILL ST_WAKEFIELD ELEM SCH"
"728ea101-4fcc-45be-9dec-a96d64d21b52","WAKEFIELD PINES","WAKEFIELD ELEM SCH","KELWAY DR","Dr",660,8,55,0,5,"1A",2022,1,88,NA,0,1,1,0,4033.33333333333,"No","Yes",3,"Yes",1,6,"6","Open lowrise",2,0.263157894737,86.9441393071955,84.7690850460168,69.2506391351873,68.4324799739953,84.414012446548,81.735280008027,2,"newer",1,"92",113,FALSE,"WAKEFIELD PINES_WAKEFIELD ELEM SCH_KELWAY DR"
"0c697369-7417-4254-a917-cedff5377e7e","WAKEFIELD PINES","KELWAY DR","SARGAS ST","Dr",721,8,44,0,4,"1A",2022,1,88,NA,0,1,1,0,3524.88888888889,"No","Yes",3,"Yes",1,6,"6","Open lowrise",2,0.596153846154,86.6472458512816,84.8901203103261,69.5842748145535,68.8178337828754,84.2204712123087,81.7945508564988,2,"newer",1,"93",20,TRUE,"WAKEFIELD PINES_KELWAY DR_SARGAS ST"
"84fa401e-e9f0-4a03-ac81-8566a22f2738","WAKEFIELD PINES","SARGAS ST","WAKEFIELD SPRING ENT","Dr",499,8,44,0,4,"1A",2022,1,88,NA,0,1,1,0,2439.55555555556,"No","Yes",3,"Yes",1,6,"6","Open lowrise",2,0.0540540540541,86.6608171283074,85.1809097865842,69.6790018621481,68.8189966453696,84.754645869417,82.3106264798146,2,"newer",1,"94",30,TRUE,"WAKEFIELD PINES_SARGAS ST_WAKEFIELD SPRING ENT"
"11cadd2c-9eb9-4264-99c8-edf1825c590c","WAKEFIELD PINES","WAKEFIELD SPRING ENT","FALLS OF NEUSE RD","Dr",548,8,56,0,5,"1A",2022,1,88,NA,0,1,1,0,3409.77777777778,"No","Yes",6,"Yes",1,6,"6","Open lowrise",2,0,86.6592814581735,85.4100933074951,69.4076002665928,68.5607039587838,84.8467196055821,82.4040793010167,2,"newer",1,"95",25,TRUE,"WAKEFIELD PINES_WAKEFIELD SPRING ENT_FALLS OF NEUSE RD"
"438c2694-6177-4866-a155-9bc011e409c9","ONEAL","PRIDE WY","LEESVILLE HIGH GYM","Rd",671,15,36,0,3,"1A",2019,1,59,NA,0,1,1,0,2684,"No","Yes",6,"Yes",1,6,"6","Open lowrise",3,0.852631578947,86.6613167898996,84.6310791015625,68.767573765346,67.9724308558873,83.2427469526019,80.9021042960031,3,"older",1,"96",22,TRUE,"ONEAL_PRIDE WY_LEESVILLE HIGH GYM"
"dbef5399-8388-43ec-8a16-a4432054a860","ONEAL","LEESVILLE HIGH GYM","LEESVILLE RD","Rd",542,15,48,0,4,"1A",2019,1,59,NA,0,1,1,0,2890.66666666667,"No","Yes",3,"Yes",1,6,"6","Open lowrise",NA,0.743902439024,86.6539817943907,84.596923828125,68.7720405177066,67.940593920256,83.4259987546686,80.905413042035,3,"older",1,"97",107,FALSE,"ONEAL_LEESVILLE HIGH GYM_LEESVILLE RD"
"5849609f-f03d-41af-ba5c-909916c1fdcd","WAKEFIELD PINES","FALLS OF NEUSE RD","SHOPPING CTR ENT","Dr",280,8,55,0,3,"1A",2020,1,88,NA,0,1,1,0,1711.11111111111,"No","Yes",1,"Yes",1,6,"6","Open lowrise",2,0.104166666667,86.6875755786896,85.467780828476,69.4360892772675,68.6550693511963,84.8504650592804,82.3008961677551,2,"older",1,"98",74,FALSE,"WAKEFIELD PINES_FALLS OF NEUSE RD_SHOPPING CTR ENT"
"5364b984-e4c0-4158-a7ad-9dfff895f670","WAKEFIELD PINES","SHOPPING CTR ENT","WAKEFIELD CROSSING DR","Dr",372,8,36,0,2,"1A",2020,1,88,NA,0,1,1,0,1488,"No","Yes",1,"Yes",1,6,"6","Open lowrise",2,0.05,86.760847757029,85.2149150759675,69.2355399908021,68.5305509345476,84.4406541336415,81.8605263288631,2,"older",1,"99",81,FALSE,"WAKEFIELD PINES_SHOPPING CTR ENT_WAKEFIELD CROSSING DR"
"18c9a37a-078f-44a7-8c4e-b72db8f6f9cc","FAIRVIEW ACCESS","PRIV PROP #1107","CAPITAL BLVD ACCESS","Rd",552,15,20,0,2,"1A",2022,1,NA,NA,0,0,0,1,1226.66666666667,"Yes","Yes",3,"No",1,6,"6","Open lowrise",10,0,85.6258534213953,84.2458484047338,69.4435043334961,68.6015657123767,85.2346333286219,82.7813513237133,10,"newer",1,"39",17,TRUE,"FAIRVIEW ACCESS_PRIV PROP #1107_CAPITAL BLVD ACCESS"
"cb9340e4-d74f-4a17-a80d-580a7556ae37","FAIRVIEW ACCESS","CAPITAL BLVD ACCESS","FAIRVIEW RD","Rd",680,15,30,0,2,"1A",2022,1,NA,NA,0,0,0,1,2266.66666666667,"Yes","No",2,"No",1,6,"6","Open lowrise",9,0.039603960396,85.6650764572788,84.3121738702479,69.1535234048333,68.4250615079638,84.9384372335085,82.6510828582334,9,"newer",1,"25",78,FALSE,"FAIRVIEW ACCESS_CAPITAL BLVD ACCESS_FAIRVIEW RD"
"a48db909-589e-4716-ac60-597fcfd958be","ERINRIDGE","ROCKY STREAM LN","RIDGE BROOK LN","Rd",590,15,26,0,2,"1A",2019,1,16,NA,0,1,1,0,1704.44444444444,"No","Yes",2,"Yes",1,6,"6","Open lowrise",5,0.227272727273,86.8296356201172,85.0546841230549,68.4503750410236,67.8395972330062,83.2835231843542,81.0956844892658,5,"older",1,"100",42,FALSE,"ERINRIDGE_ROCKY STREAM LN_RIDGE BROOK LN"
"49300a9a-2245-4266-985f-b587bf1cc265","ERINRIDGE","RIDGE BROOK LN","MAYRIDGE LN","Rd",372,15,26,0,2,"1A",2019,1,16,NA,0,1,1,0,1074.66666666667,"No","Yes",1,"Yes",1,6,"6","Open lowrise",5,0,86.3213621139526,84.3843797683716,67.5728281021118,66.9494310379028,83.6103296279907,81.0048973083496,5,"older",1,"101",45,FALSE,"ERINRIDGE_RIDGE BROOK LN_MAYRIDGE LN"
"ae73e3ab-395d-4327-b564-b387e273df78","ROCKY STREAM","ERINRIDGE RD","PRIV PROP #1915","Ln",133,10,26,0,2,"1A",2019,1,68,NA,0,1,1,0,384.222222222222,"No","Yes",1,"Yes",1,6,"6","Open lowrise",5,0.269230769231,87.0973606109619,85.0440898895264,68.4822170257568,67.9691627502442,83.110432434082,81.0007659912109,5,"older",1,"102",51,FALSE,"ROCKY STREAM_ERINRIDGE RD_PRIV PROP #1915"
"368b0d36-4130-4fe6-83b8-b1a8ff00337f","CAVALIER","LAWRENCE DR","MARINER CR","St",477,18,23,0,2,NA,2022,1,12,NA,0,1,1,0,1219,"No","Yes",1,"No",1,11,"A","Dense Trees (LCZ A)",2,0.855263157895,86.9909467343931,84.137262556288,67.8238713299787,67.2212920012297,83.3327122441045,80.7519638626664,2,"newer",1,"103",28,TRUE,"CAVALIER_LAWRENCE DR_MARINER CR"
