"Device Name","D2 - 2503418"
"Device Model","Kestrel DROP 2"
"Serial Number","2503418"
"FORMATTED DATE_TIME","Temperature","Relative Humidity","Heat Index","Dew Point","Data Type","Record name","Start time","Duration (H:M:S)","Location description","Location address","Location coordinates","Notes"
"YYYY-MM-DD HH:MM:SS","°F","%","°F","°F"
"2025-10-02 10:00:00 PM","61.6","70.7","60.3","51.9","point"
"2025-10-02 10:20:00 PM","60.8","72.8","59.5","52.0","point"
"2025-10-02 10:40:00 PM","59.6","75.3","58.8","51.8","point"
"2025-10-02 11:00:00 PM","58.8","78.2","58.1","52.0","point"
"2025-10-02 11:20:00 PM","57.9","80.4","57.4","51.9","point"
"2025-10-02 11:40:00 PM","57.8","80.2","57.4","51.8","point"
"2025-10-03 12:00:00 AM","58.0","80.2","57.6","52.0","point"
"2025-10-03 12:20:00 AM","57.9","80.2","57.6","51.9","point"
"2025-10-03 12:40:00 AM","57.4","81.4","57.2","51.7","point"
"2025-10-03 01:00:00 AM","56.8","82.1","56.5","51.4","point"
"2025-10-03 01:20:00 AM","55.9","83.8","55.8","51.0","point"
"2025-10-03 01:40:00 AM","55.6","84.7","55.6","51.1","point"
"2025-10-03 02:00:00 AM","55.1","85.6","55.0","50.8","point"
"2025-10-03 02:20:00 AM","54.3","86.5","54.3","50.3","point"
"2025-10-03 02:40:00 AM","54.1","87.2","54.1","50.3","point"
"2025-10-03 03:00:00 AM","53.8","87.2","54.0","50.1","point"
"2025-10-03 03:20:00 AM","53.7","87.9","53.8","50.2","point"
"2025-10-03 03:40:00 AM","53.5","88.0","53.6","50.1","point"
"2025-10-03 04:00:00 AM","53.0","89.1","53.1","49.9","point"
"2025-10-03 04:20:00 AM","52.7","89.8","52.9","49.8","point"
"2025-10-03 04:40:00 AM","52.6","89.7","52.7","49.7","point"
"2025-10-03 05:00:00 AM","52.3","90.3","52.5","49.5","point"
"2025-10-03 05:20:00 AM","52.0","90.7","52.3","49.3","point"
"2025-10-03 05:40:00 AM","51.8","91.1","52.0","49.2","point"
"2025-10-03 06:00:00 AM","51.5","91.4","51.8","49.1","point"
"2025-10-03 06:20:00 AM","51.1","92.1","51.4","48.9","point"
"2025-10-03 06:40:00 AM","50.9","93.0","51.3","49.0","point"
"2025-10-03 07:00:00 AM","50.7","93.4","51.1","48.9","point"
"2025-10-03 07:20:00 AM","50.7","93.7","50.9","48.9","point"
"2025-10-03 07:40:00 AM","51.0","93.9","51.4","49.3","point"
"2025-10-03 08:00:00 AM","51.7","93.7","52.0","50.0","point"
"2025-10-03 08:20:00 AM","53.7","91.3","54.0","51.3","point"
"2025-10-03 08:40:00 AM","55.7","86.5","55.8","51.7","point"
"2025-10-03 09:00:00 AM","57.6","84.2","57.6","52.9","point"
"2025-10-03 09:20:00 AM","60.0","80.0","59.5","53.9","point"
"2025-10-03 09:40:00 AM","61.3","77.9","60.6","54.3","point"
"2025-10-03 10:00:00 AM","62.4","76.6","61.7","55.0","point"
"2025-10-03 10:20:00 AM","62.9","73.3","61.9","54.2","point"
"2025-10-03 10:40:00 AM","64.1","73.2","63.0","55.4","point"
"2025-10-03 11:00:00 AM","65.3","71.8","64.2","56.0","point"
"2025-10-03 11:20:00 AM","66.8","68.3","65.8","56.0","point"
"2025-10-03 11:40:00 AM","67.7","64.4","66.7","55.3","point"
"2025-10-03 12:00:00 PM","68.0","62.2","67.1","54.6","point"
"2025-10-03 12:20:00 PM","69.2","61.7","68.5","55.5","point"
"2025-10-03 12:40:00 PM","70.9","58.9","70.7","55.8","point"
"2025-10-03 01:00:00 PM","72.7","58.1","72.5","57.1","point"
"2025-10-03 01:20:00 PM","73.9","58.0","73.4","58.2","point"
"2025-10-03 01:40:00 PM","71.4","57.2","70.9","55.5","point"
"2025-10-03 02:00:00 PM","73.5","55.3","73.0","56.5","point"
"2025-10-03 02:20:00 PM","75.3","55.3","74.7","58.2","point"
"2025-10-03 02:40:00 PM","74.3","55.1","73.6","57.1","point"
"2025-10-03 03:00:00 PM","74.7","54.7","73.9","57.3","point"
"2025-10-03 03:20:00 PM","76.6","54.8","75.7","59.1","point"
"2025-10-03 03:40:00 PM","75.8","53.3","74.8","57.6","point"
"2025-10-03 04:00:00 PM","76.1","52.4","75.2","57.4","point"
"2025-10-03 04:20:00 PM","78.5","52.8","78.3","59.8","point"
"2025-10-03 04:40:00 PM","74.7","55.2","74.1","57.6","point"
"2025-10-03 05:00:00 PM","76.9","56.9","76.5","60.5","point"
"2025-10-03 05:20:00 PM","77.2","53.3","76.5","59.0","point"
"2025-10-03 05:40:00 PM","73.7","58.1","73.4","58.1","point"
"2025-10-03 06:00:00 PM","73.2","61.8","73.2","59.3","point"
"2025-10-03 06:20:00 PM","72.2","64.4","72.5","59.5","point"
"2025-10-03 06:40:00 PM","71.3","66.4","71.8","59.6","point"
"2025-10-03 07:00:00 PM","69.6","69.1","69.6","59.0","point"
"2025-10-03 07:20:00 PM","67.7","73.3","67.5","58.9","point"
"2025-10-03 07:40:00 PM","66.5","76.2","66.0","58.8","point"
"2025-10-03 08:00:00 PM","65.4","78.6","64.8","58.6","point"
"2025-10-03 08:20:00 PM","64.5","80.7","64.2","58.5","point"
"2025-10-03 08:40:00 PM","64.1","81.6","63.9","58.3","point"
"2025-10-03 09:00:00 PM","63.3","83.2","63.3","58.2","point"
"2025-10-03 09:20:00 PM","62.7","84.5","62.6","57.9","point"
"2025-10-03 09:40:00 PM","61.9","86.0","61.9","57.7","point"
"2025-10-03 10:00:00 PM","61.6","87.5","61.7","57.9","point"
"2025-10-03 10:20:00 PM","60.8","88.4","61.2","57.4","point"
"2025-10-03 10:40:00 PM","60.2","89.6","60.4","57.2","point"
"2025-10-03 11:00:00 PM","60.4","89.9","60.6","57.4","point"
"2025-10-03 11:20:00 PM","60.3","89.1","60.6","57.1","point"
"2025-10-03 11:40:00 PM","60.0","89.7","60.3","56.9","point"
"2025-10-04 12:00:00 AM","59.6","90.1","60.1","56.7","point"
"2025-10-04 12:20:00 AM","59.2","90.8","59.7","56.5","point"
"2025-10-04 12:40:00 AM","58.9","91.7","59.4","56.5","point"
"2025-10-04 01:00:00 AM","58.5","92.2","59.2","56.2","point"
"2025-10-04 01:20:00 AM","58.2","93.0","58.6","56.2","point"
"2025-10-04 01:40:00 AM","57.7","93.4","58.1","55.8","point"
"2025-10-04 02:00:00 AM","57.6","93.8","58.3","55.8","point"
"2025-10-04 02:20:00 AM","57.2","94.2","57.9","55.5","point"
"2025-10-04 02:40:00 AM","57.0","94.6","57.6","55.5","point"
"2025-10-04 03:00:00 AM","56.7","94.9","57.4","55.2","point"
"2025-10-04 03:20:00 AM","56.4","95.2","57.0","55.0","point"
"2025-10-04 03:40:00 AM","56.2","95.5","56.8","54.9","point"
"2025-10-04 04:00:00 AM","55.9","95.7","56.7","54.6","point"
"2025-10-04 04:20:00 AM","55.3","95.9","55.9","54.2","point"
"2025-10-04 04:40:00 AM","55.3","96.3","55.9","54.2","point"
"2025-10-04 05:00:00 AM","55.1","96.6","55.8","54.1","point"
"2025-10-04 05:20:00 AM","54.9","96.8","55.6","54.0","point"
"2025-10-04 05:40:00 AM","54.6","96.9","55.2","53.7","point"
"2025-10-04 06:00:00 AM","54.3","97.0","54.9","53.4","point"
"2025-10-04 06:20:00 AM","53.9","97.0","54.5","53.1","point"
"2025-10-04 06:40:00 AM","53.7","97.2","54.3","53.0","point"
"2025-10-04 07:00:00 AM","53.5","97.3","54.1","52.8","point"
"2025-10-04 07:20:00 AM","53.5","97.4","54.1","52.8","point"
"2025-10-04 07:40:00 AM","53.9","97.6","54.7","53.2","point"
"2025-10-04 08:00:00 AM","57.3","96.9","58.1","56.5","point"
"2025-10-04 08:20:00 AM","57.8","94.3","58.5","56.1","point"
"2025-10-04 08:40:00 AM","58.8","94.5","59.4","57.2","point"
"2025-10-04 09:00:00 AM","60.5","92.9","61.2","58.4","point"
"2025-10-04 09:20:00 AM","62.3","89.1","62.6","59.0","point"
"2025-10-04 09:40:00 AM","64.2","84.7","64.0","59.5","point"
"2025-10-04 10:00:00 AM","65.3","81.8","65.1","59.6","point"
"2025-10-04 10:20:00 AM","66.6","79.8","66.6","60.2","point"
"2025-10-04 10:40:00 AM","67.6","76.6","67.5","60.0","point"
"2025-10-04 11:00:00 AM","68.9","73.8","68.9","60.2","point"
"2025-10-04 11:20:00 AM","70.8","68.6","71.2","59.9","point"
"2025-10-04 11:40:00 AM","72.7","65.0","73.0","60.2","point"
"2025-10-04 12:00:00 PM","73.9","61.2","73.8","59.6","point"
"2025-10-04 12:20:00 PM","75.3","60.6","75.2","60.7","point"
"2025-10-04 12:40:00 PM","74.2","57.6","73.8","58.3","point"
"2025-10-04 01:00:00 PM","76.9","54.8","76.1","59.4","point"
"2025-10-04 01:20:00 PM","78.5","53.2","78.3","60.1","point"
"2025-10-04 01:40:00 PM","78.0","54.0","77.7","60.0","point"
"2025-10-04 02:00:00 PM","78.2","53.4","77.7","59.9","point"
"2025-10-04 02:20:00 PM","78.6","51.1","77.9","59.0","point"
"2025-10-04 02:40:00 PM","77.5","52.0","76.6","58.5","point"
"2025-10-04 03:00:00 PM","79.3","52.1","79.2","60.2","point"
"2025-10-04 03:20:00 PM","79.6","50.1","79.3","59.4","point"
"2025-10-04 03:40:00 PM","79.2","51.1","79.0","59.5","point"
"2025-10-04 04:00:00 PM","81.2","49.0","81.1","60.2","point"
"2025-10-04 04:20:00 PM","82.0","48.4","82.0","60.6","point"
"2025-10-04 04:40:00 PM","82.5","48.0","82.6","60.8","point"
"2025-10-04 05:00:00 PM","84.2","45.1","84.9","60.7","point"
"2025-10-04 05:20:00 PM","81.5","46.3","80.8","58.9","point"
"2025-10-04 05:40:00 PM","78.1","52.9","77.7","59.5","point"
"2025-10-04 06:00:00 PM","76.8","55.4","76.1","59.6","point"
"2025-10-04 06:20:00 PM","75.1","59.3","74.8","60.0","point"
"2025-10-04 06:40:00 PM","73.5","63.7","73.8","60.4","point"
"2025-10-04 07:00:00 PM","72.1","66.2","72.5","60.2","point"
"2025-10-04 07:20:00 PM","71.2","69.1","71.8","60.6","point"
"2025-10-04 07:40:00 PM","69.7","72.3","70.0","60.4","point"
"2025-10-04 08:00:00 PM","68.5","75.6","68.5","60.5","point"
"2025-10-04 08:20:00 PM","67.9","77.6","68.0","60.6","point"
"2025-10-04 08:40:00 PM","66.8","78.6","66.6","60.0","point"
"2025-10-04 09:00:00 PM","65.8","81.2","65.7","59.9","point"
"2025-10-04 09:20:00 PM","65.2","83.1","65.1","59.9","point"
"2025-10-04 09:40:00 PM","64.5","84.6","64.4","59.8","point"
"2025-10-04 10:00:00 PM","64.3","86.0","64.2","60.0","point"
"2025-10-04 10:20:00 PM","63.6","87.7","63.7","59.9","point"
"2025-10-04 10:40:00 PM","63.2","88.1","63.3","59.6","point"
"2025-10-04 11:00:00 PM","63.0","89.1","63.3","59.8","point"
"2025-10-04 11:20:00 PM","62.8","88.9","63.1","59.5","point"
"2025-10-04 11:40:00 PM","62.3","89.4","62.6","59.2","point"
"2025-10-05 12:00:00 AM","62.3","89.6","62.6","59.2","point"
"2025-10-05 12:20:00 AM","62.0","88.8","62.2","58.7","point"
"2025-10-05 12:40:00 AM","61.3","89.8","61.5","58.2","point"
"2025-10-05 01:00:00 AM","60.6","91.3","61.0","58.0","point"
"2025-10-05 01:20:00 AM","60.1","92.4","60.8","57.9","point"
"2025-10-05 01:40:00 AM","60.0","93.1","60.6","58.0","point"
"2025-10-05 02:00:00 AM","60.0","92.9","60.6","58.0","point"
"2025-10-05 02:20:00 AM","59.8","93.2","60.4","57.8","point"
"2025-10-05 02:40:00 AM","59.7","93.7","60.3","57.8","point"
"2025-10-05 03:00:00 AM","59.7","94.2","60.4","58.0","point"
"2025-10-05 03:20:00 AM","59.4","94.3","60.1","57.8","point"
"2025-10-05 03:40:00 AM","58.9","94.6","59.5","57.3","point"
"2025-10-05 04:00:00 AM","58.5","95.0","59.2","57.1","point"
"2025-10-05 04:20:00 AM","58.4","95.6","59.0","57.1","point"
"2025-10-05 04:40:00 AM","58.1","95.8","59.0","56.9","point"
"2025-10-05 05:00:00 AM","57.8","96.1","58.6","56.7","point"
"2025-10-05 05:20:00 AM","57.6","96.4","58.5","56.6","point"
"2025-10-05 05:40:00 AM","57.5","96.6","58.3","56.6","point"
"2025-10-05 06:00:00 AM","57.4","96.8","58.3","56.4","point"
"2025-10-05 06:20:00 AM","57.4","97.0","58.3","56.5","point"
"2025-10-05 06:40:00 AM","57.1","97.0","57.9","56.2","point"
"2025-10-05 07:00:00 AM","57.1","97.2","57.9","56.3","point"
"2025-10-05 07:20:00 AM","57.1","97.3","57.9","56.3","point"
"2025-10-05 07:40:00 AM","57.4","97.4","58.3","56.6","point"
"2025-10-05 08:00:00 AM","61.6","96.6","62.6","60.5","point"
"2025-10-05 08:20:00 AM","62.1","93.2","62.8","60.1","point"
"2025-10-05 08:40:00 AM","62.9","92.9","63.5","60.8","point"
"2025-10-05 09:00:00 AM","63.8","92.1","64.4","61.4","point"
"2025-10-05 09:20:00 AM","65.3","91.0","66.0","62.6","point"
"2025-10-05 09:40:00 AM","67.4","87.1","68.0","63.4","point"
"2025-10-05 10:00:00 AM","69.3","81.9","70.2","63.6","point"
"2025-10-05 10:20:00 AM","71.0","77.3","72.0","63.6","point"
"2025-10-05 10:40:00 AM","72.2","73.3","73.0","63.2","point"
"2025-10-05 11:00:00 AM","74.1","69.4","74.8","63.5","point"
"2025-10-05 11:20:00 AM","74.8","66.6","75.2","62.9","point"
"2025-10-05 11:40:00 AM","76.3","63.9","76.6","63.2","point"
"2025-10-05 12:00:00 PM","77.6","62.1","78.3","63.6","point"
"2025-10-05 12:20:00 PM","78.9","60.3","79.9","64.0","point"
"2025-10-05 12:40:00 PM","80.1","60.2","81.9","65.0","point"
"2025-10-05 01:00:00 PM","80.8","56.7","82.2","64.0","point"
"2025-10-05 01:20:00 PM","80.5","58.1","81.9","64.4","point"
"2025-10-05 01:40:00 PM","81.9","56.3","83.7","64.9","point"
"2025-10-05 02:00:00 PM","83.1","55.1","85.6","65.4","point"
"2025-10-05 02:20:00 PM","82.9","53.6","84.6","64.4","point"
"2025-10-05 02:40:00 PM","82.3","54.7","83.8","64.4","point"
"2025-10-05 03:00:00 PM","80.7","54.4","81.5","62.7","point"
"2025-10-05 03:20:00 PM","80.2","54.4","80.8","62.2","point"
"2025-10-05 03:40:00 PM","81.4","55.4","82.6","63.8","point"
"2025-10-05 04:00:00 PM","82.6","51.6","83.3","62.9","point"
"2025-10-05 04:20:00 PM","82.8","51.6","84.0","63.2","point"
"2025-10-05 04:40:00 PM","81.9","52.3","82.8","62.7","point"
"2025-10-05 05:00:00 PM","81.9","50.4","82.4","61.7","point"
"2025-10-05 05:20:00 PM","81.5","52.1","82.0","62.2","point"
"2025-10-05 05:40:00 PM","79.2","55.9","79.7","62.1","point"
"2025-10-05 06:00:00 PM","77.9","58.6","78.3","62.2","point"
"2025-10-05 06:20:00 PM","76.5","62.6","76.6","62.8","point"
"2025-10-05 06:40:00 PM","74.9","66.9","75.4","63.1","point"
"2025-10-05 07:00:00 PM","73.3","70.9","74.1","63.3","point"
"2025-10-05 07:20:00 PM","71.8","73.4","72.7","62.9","point"
"2025-10-05 07:40:00 PM","70.7","76.2","71.4","62.8","point"
"2025-10-05 08:00:00 PM","69.9","78.1","70.5","62.7","point"
"2025-10-05 08:20:00 PM","69.3","79.3","70.0","62.6","point"
"2025-10-05 08:40:00 PM","68.7","80.9","69.4","62.6","point"
"2025-10-05 09:00:00 PM","68.3","82.3","68.7","62.7","point"
"2025-10-05 09:20:00 PM","67.8","83.6","68.5","62.7","point"
"2025-10-05 09:40:00 PM","67.5","84.2","68.0","62.5","point"
"2025-10-05 10:00:00 PM","67.3","85.0","67.8","62.6","point"
"2025-10-05 10:20:00 PM","66.4","86.5","66.9","62.2","point"
"2025-10-05 10:40:00 PM","65.8","88.1","66.0","62.2","point"
"2025-10-05 11:00:00 PM","65.3","88.5","65.8","61.8","point"
"2025-10-05 11:20:00 PM","65.0","89.5","65.5","61.8","point"
"2025-10-05 11:40:00 PM","64.7","90.2","65.1","61.8","point"
"2025-10-06 12:00:00 AM","64.5","90.7","64.9","61.7","point"
"2025-10-06 12:20:00 AM","64.2","91.3","64.8","61.7","point"
"2025-10-06 12:40:00 AM","64.1","92.0","64.8","61.7","point"
"2025-10-06 01:00:00 AM","63.9","91.8","64.4","61.5","point"
"2025-10-06 01:20:00 AM","63.8","92.2","64.4","61.5","point"
"2025-10-06 01:40:00 AM","63.3","92.5","64.0","61.1","point"
"2025-10-06 02:00:00 AM","62.9","93.4","63.5","61.0","point"
"2025-10-06 02:20:00 AM","62.4","94.1","63.3","60.7","point"
"2025-10-06 02:40:00 AM","61.9","94.6","62.8","60.3","point"
"2025-10-06 03:00:00 AM","61.4","94.9","62.2","59.9","point"
"2025-10-06 03:20:00 AM","61.4","95.5","62.2","60.1","point"
"2025-10-06 03:40:00 AM","61.1","95.7","62.1","59.8","point"
"2025-10-06 04:00:00 AM","60.5","95.7","61.5","59.3","point"
"2025-10-06 04:20:00 AM","60.6","96.4","61.5","59.5","point"
"2025-10-06 04:40:00 AM","60.2","96.5","61.0","59.3","point"
"2025-10-06 05:00:00 AM","59.9","96.7","60.6","58.9","point"
"2025-10-06 05:20:00 AM","59.5","96.7","60.3","58.5","point"
"2025-10-06 05:40:00 AM","59.3","96.9","60.1","58.4","point"
"2025-10-06 06:00:00 AM","58.8","97.0","59.5","57.9","point"
"2025-10-06 06:20:00 AM","58.7","97.1","59.5","57.8","point"
"2025-10-06 06:40:00 AM","58.7","97.3","59.5","57.9","point"
"2025-10-06 07:00:00 AM","58.9","97.6","59.9","58.2","point"
"2025-10-06 07:20:00 AM","58.9","97.7","59.9","58.2","point"
"2025-10-06 07:40:00 AM","58.9","97.7","59.9","58.2","point"
"2025-10-06 08:00:00 AM","61.7","96.7","62.6","60.7","point"
"2025-10-06 08:20:00 AM","61.7","94.4","62.6","60.1","point"
"2025-10-06 08:40:00 AM","62.9","95.3","63.7","61.5","point"
"2025-10-06 09:00:00 AM","64.9","94.5","65.7","63.3","point"
"2025-10-06 09:20:00 AM","66.9","89.9","67.8","63.9","point"
"2025-10-06 09:40:00 AM","68.3","86.9","69.1","64.3","point"
"2025-10-06 10:00:00 AM","69.7","83.7","70.7","64.6","point"
"2025-10-06 10:20:00 AM","71.3","80.5","72.5","65.0","point"
"2025-10-06 10:40:00 AM","72.6","76.1","73.8","64.6","point"
"2025-10-06 11:00:00 AM","73.9","72.6","74.8","64.5","point"
"2025-10-06 11:20:00 AM","75.3","68.1","75.9","64.0","point"
"2025-10-06 11:40:00 AM","77.7","63.0","78.4","64.1","point"
"2025-10-06 12:00:00 PM","77.2","59.5","77.0","62.0","point"
"2025-10-06 12:20:00 PM","79.5","55.1","79.9","62.0","point"
"2025-10-06 12:40:00 PM","79.4","56.0","80.1","62.3","point"
"2025-10-06 01:00:00 PM","79.5","53.2","79.5","61.0","point"
"2025-10-06 01:20:00 PM","81.5","51.0","82.0","61.7","point"
"2025-10-06 01:40:00 PM","82.0","50.5","82.4","61.8","point"
"2025-10-06 02:00:00 PM","82.5","49.2","82.8","61.6","point"
"2025-10-06 02:20:00 PM","84.1","48.0","85.3","62.3","point"
"2025-10-06 02:40:00 PM","82.8","48.6","83.3","61.5","point"
"2025-10-06 03:00:00 PM","83.0","47.7","83.5","61.2","point"
"2025-10-06 03:20:00 PM","84.2","46.2","85.1","61.3","point"
"2025-10-06 03:40:00 PM","83.9","45.7","84.4","60.7","point"
"2025-10-06 04:00:00 PM","83.9","46.5","84.6","61.2","point"
"2025-10-06 04:20:00 PM","84.4","46.7","85.5","61.8","point"
"2025-10-06 04:40:00 PM","85.9","44.4","87.1","61.7","point"
"2025-10-06 05:00:00 PM","85.6","43.8","86.4","61.1","point"
"2025-10-06 05:20:00 PM","83.0","45.8","82.9","59.9","point"
"2025-10-06 05:40:00 PM","80.7","50.9","80.8","60.8","point"
"2025-10-06 06:00:00 PM","79.2","53.3","79.2","60.7","point"
"2025-10-06 06:20:00 PM","77.8","56.4","77.7","61.1","point"
"2025-10-06 06:40:00 PM","76.1","60.0","75.9","61.2","point"
"2025-10-06 07:00:00 PM","74.5","64.3","74.8","61.6","point"
"2025-10-06 07:20:00 PM","72.9","68.5","73.4","61.9","point"
"2025-10-06 07:40:00 PM","71.6","71.6","72.3","62.0","point"
"2025-10-06 08:00:00 PM","70.7","73.5","71.6","61.8","point"
"2025-10-06 08:20:00 PM","70.0","73.9","70.5","61.3","point"
"2025-10-06 08:40:00 PM","69.5","77.0","70.2","61.9","point"
"2025-10-06 09:00:00 PM","69.1","78.4","69.4","62.1","point"
"2025-10-06 09:20:00 PM","69.4","78.4","69.8","62.3","point"
"2025-10-06 09:40:00 PM","70.3","77.1","71.1","62.8","point"
"2025-10-06 10:00:00 PM","70.6","77.9","71.4","63.4","point"
"2025-10-06 10:20:00 PM","70.6","78.7","71.4","63.6","point"
"2025-10-06 10:40:00 PM","70.0","79.5","70.9","63.4","point"
"2025-10-06 11:00:00 PM","69.1","81.5","69.8","63.2","point"
"2025-10-06 11:20:00 PM","68.9","82.3","69.6","63.3","point"
"2025-10-06 11:40:00 PM","68.3","83.7","68.9","63.1","point"
"2025-10-07 12:00:00 AM","67.7","85.2","68.4","63.1","point"
"2025-10-07 12:20:00 AM","67.0","86.7","67.6","62.9","point"
"2025-10-07 12:40:00 AM","66.4","87.7","66.9","62.7","point"
"2025-10-07 01:00:00 AM","66.3","88.9","66.9","62.9","point"
"2025-10-07 01:20:00 AM","66.0","89.0","66.4","62.6","point"
"2025-10-07 01:40:00 AM","65.3","90.4","66.0","62.4","point"
"2025-10-07 02:00:00 AM","64.8","91.3","65.3","62.2","point"
"2025-10-07 02:20:00 AM","64.5","92.1","65.1","62.1","point"
"2025-10-07 02:40:00 AM","64.2","93.1","64.8","62.1","point"
"2025-10-07 03:00:00 AM","63.9","93.3","64.6","61.9","point"
"2025-10-07 03:20:00 AM","63.3","93.3","63.9","61.3","point"
"2025-10-07 03:40:00 AM","62.8","93.9","63.5","61.0","point"
"2025-10-07 04:00:00 AM","62.9","95.0","63.7","61.4","point"
"2025-10-07 04:20:00 AM","63.2","95.6","64.0","62.0","point"
"2025-10-07 04:40:00 AM","63.2","95.2","64.0","61.8","point"
"2025-10-07 05:00:00 AM","63.5","95.1","64.4","62.1","point"
"2025-10-07 05:20:00 AM","63.1","94.6","63.9","61.6","point"
"2025-10-07 05:40:00 AM","62.4","94.4","63.1","60.8","point"
"2025-10-07 06:00:00 AM","62.0","95.3","62.8","60.7","point"
"2025-10-07 06:20:00 AM","61.9","96.0","63.0","60.7","point"
"2025-10-07 06:40:00 AM","61.6","96.3","62.6","60.6","point"
"2025-10-07 07:00:00 AM","61.5","96.6","62.4","60.5","point"
"2025-10-07 07:20:00 AM","61.3","96.9","62.2","60.4","point"
"2025-10-07 07:40:00 AM","61.2","96.9","62.2","60.3","point"
"2025-10-07 08:00:00 AM","64.5","96.5","65.5","63.5","point"
"2025-10-07 08:20:00 AM","64.4","95.2","65.1","63.0","point"
"2025-10-07 08:40:00 AM","65.4","94.2","66.4","63.7","point"
"2025-10-07 09:00:00 AM","67.2","90.6","68.2","64.3","point"
"2025-10-07 09:20:00 AM","68.4","87.4","69.4","64.5","point"
"2025-10-07 09:40:00 AM","69.6","85.5","70.7","65.1","point"
"2025-10-07 10:00:00 AM","71.3","83.5","72.7","66.0","point"
"2025-10-07 10:20:00 AM","73.5","81.0","75.2","67.3","point"
"2025-10-07 10:40:00 AM","75.2","76.2","76.6","67.2","point"
"2025-10-07 11:00:00 AM","76.7","69.8","77.7","66.1","point"
"2025-10-07 11:20:00 AM","79.3","66.1","81.5","66.9","point"
"2025-10-07 11:40:00 AM","80.5","58.7","82.0","64.7","point"
"2025-10-07 12:00:00 PM","80.9","52.2","81.3","61.7","point"
"2025-10-07 12:20:00 PM","79.8","57.8","80.8","63.6","point"
"2025-10-07 12:40:00 PM","82.0","55.1","83.5","64.3","point"
"2025-10-07 01:00:00 PM","82.4","52.5","83.3","63.2","point"
"2025-10-07 01:20:00 PM","83.8","52.9","86.0","64.8","point"
"2025-10-07 01:40:00 PM","83.1","54.9","85.5","65.3","point"
"2025-10-07 02:00:00 PM","81.6","58.0","83.5","65.4","point"
"2025-10-07 02:20:00 PM","82.8","54.2","84.7","64.6","point"
"2025-10-07 02:40:00 PM","83.9","52.4","86.2","64.7","point"
"2025-10-07 03:00:00 PM","82.5","58.0","84.7","66.2","point"
"2025-10-07 03:20:00 PM","82.9","57.0","85.3","66.1","point"
"2025-10-07 03:40:00 PM","83.1","58.1","86.2","66.9","point"
"2025-10-07 04:00:00 PM","81.7","58.6","83.8","65.8","point"
"2025-10-07 04:20:00 PM","82.4","60.7","85.1","67.4","point"
"2025-10-07 04:40:00 PM","80.9","61.3","82.9","66.4","point"
"2025-10-07 05:00:00 PM","80.9","62.3","83.3","66.7","point"
"2025-10-07 05:20:00 PM","80.2","62.3","82.2","66.2","point"
"2025-10-07 05:40:00 PM","79.6","63.9","81.7","66.3","point"
"2025-10-07 06:00:00 PM","79.1","65.7","81.1","66.6","point"
"2025-10-07 06:20:00 PM","78.7","67.4","80.8","67.0","point"
"2025-10-07 06:40:00 PM","78.2","68.6","80.1","67.0","point"
"2025-10-07 07:00:00 PM","77.8","70.0","79.7","67.2","point"
"2025-10-07 07:20:00 PM","77.1","70.7","78.6","66.9","point"
"2025-10-07 07:40:00 PM","76.8","72.0","78.4","67.1","point"
"2025-10-07 08:00:00 PM","76.5","72.8","77.9","67.1","point"
"2025-10-07 08:20:00 PM","75.8","74.4","77.2","67.1","point"
"2025-10-07 08:40:00 PM","75.0","76.0","76.3","66.9","point"
"2025-10-07 09:00:00 PM","74.0","78.2","75.6","66.8","point"
"2025-10-07 09:20:00 PM","73.6","80.5","75.4","67.2","point"
"2025-10-07 09:40:00 PM","74.0","79.8","75.7","67.4","point"
"2025-10-07 10:00:00 PM","74.2","79.0","75.7","67.3","point"
"2025-10-07 10:20:00 PM","74.1","78.9","75.6","67.1","point"
"2025-10-07 10:40:00 PM","74.0","79.2","75.7","67.2","point"
"2025-10-07 11:00:00 PM","73.7","80.0","75.4","67.1","point"
"2025-10-07 11:20:00 PM","73.2","81.3","74.7","67.1","point"
"2025-10-07 11:40:00 PM","73.1","82.1","74.8","67.3","point"
"2025-10-08 12:00:00 AM","72.9","83.3","74.8","67.5","point"
"2025-10-08 12:20:00 AM","72.6","84.9","74.3","67.8","point"
"2025-10-08 12:40:00 AM","72.2","86.5","74.1","68.0","point"
"2025-10-08 01:00:00 AM","72.0","87.2","73.8","68.0","point"
"2025-10-08 01:20:00 AM","71.7","87.8","73.4","67.9","point"
"2025-10-08 01:40:00 AM","71.5","88.3","73.2","67.9","point"
"2025-10-08 02:00:00 AM","71.2","89.2","72.7","67.9","point"
"2025-10-08 02:20:00 AM","71.0","89.7","72.5","67.8","point"
"2025-10-08 02:40:00 AM","70.8","89.9","72.3","67.7","point"
"2025-10-08 03:00:00 AM","70.3","90.8","71.8","67.5","point"
"2025-10-08 03:20:00 AM","70.2","91.2","71.8","67.5","point"
"2025-10-08 03:40:00 AM","70.0","91.5","71.6","67.4","point"
"2025-10-08 04:00:00 AM","69.9","92.0","71.4","67.4","point"
"2025-10-08 04:20:00 AM","69.6","92.5","71.2","67.4","point"
"2025-10-08 04:40:00 AM","69.5","93.1","70.9","67.4","point"
"2025-10-08 05:00:00 AM","69.7","93.3","71.2","67.7","point"
"2025-10-08 05:20:00 AM","69.9","93.0","71.4","67.8","point"
"2025-10-08 05:40:00 AM","69.9","93.1","71.4","67.8","point"
"2025-10-08 06:00:00 AM","70.1","93.3","71.6","68.0","point"
"2025-10-08 06:20:00 AM","70.0","93.8","71.8","68.1","point"
"2025-10-08 06:40:00 AM","69.9","94.6","71.6","68.2","point"
"2025-10-08 07:00:00 AM","69.7","95.0","71.4","68.3","point"
"2025-10-08 07:20:00 AM","69.9","95.2","71.6","68.4","point"
"2025-10-08 07:40:00 AM","70.0","94.9","71.8","68.5","point"
"2025-10-08 08:00:00 AM","70.2","94.5","72.0","68.6","point"
"2025-10-08 08:20:00 AM","70.5","93.6","72.1","68.6","point"
"2025-10-08 08:40:00 AM","71.1","92.5","72.9","68.8","point"
"2025-10-08 09:00:00 AM","71.5","91.6","73.4","68.9","point"
"2025-10-08 09:20:00 AM","71.7","90.8","73.6","68.9","point"
"2025-10-08 09:40:00 AM","71.8","90.9","73.9","69.0","point"
"2025-10-08 10:00:00 AM","72.5","91.1","74.7","69.7","point"
"2025-10-08 10:20:00 AM","73.7","85.8","75.7","69.2","point"
"2025-10-08 10:40:00 AM","74.4","84.3","76.6","69.4","point"
"2025-10-08 11:00:00 AM","75.7","80.8","77.7","69.3","point"
"2025-10-08 11:20:00 AM","76.6","81.0","79.0","70.3","point"
"2025-10-08 11:40:00 AM","77.9","78.5","81.3","70.7","point"
"2025-10-08 12:00:00 PM","78.9","74.4","82.4","70.1","point"
"2025-10-08 12:20:00 PM","79.4","72.8","83.1","69.9","point"
"2025-10-08 12:40:00 PM","78.7","72.9","81.7","69.2","point"
"2025-10-08 01:00:00 PM","79.2","75.9","83.3","71.0","point"
"2025-10-08 01:20:00 PM","79.1","73.5","82.6","69.9","point"
"2025-10-08 01:40:00 PM","80.3","69.4","84.0","69.4","point"
"2025-10-08 02:00:00 PM","79.5","70.7","82.8","69.1","point"
"2025-10-08 02:20:00 PM","78.8","74.1","82.2","69.9","point"
"2025-10-08 02:40:00 PM","78.0","80.0","81.7","71.3","point"
"2025-10-08 03:00:00 PM","77.9","77.5","81.1","70.3","point"
"2025-10-08 03:20:00 PM","78.6","76.5","82.0","70.6","point"
"2025-10-08 03:40:00 PM","80.7","71.5","84.9","70.6","point"
"2025-10-08 04:00:00 PM","81.7","63.2","84.9","68.0","point"
"2025-10-08 04:20:00 PM","81.9","55.0","83.3","64.1","point"
"2025-10-08 04:40:00 PM","81.6","55.8","82.9","64.2","point"
"2025-10-08 05:00:00 PM","81.3","57.2","82.8","64.7","point"
"2025-10-08 05:20:00 PM","79.7","59.6","80.8","64.4","point"
"2025-10-08 05:40:00 PM","78.6","62.1","79.9","64.6","point"
"2025-10-08 06:00:00 PM","77.4","65.3","78.4","64.8","point"
"2025-10-08 06:20:00 PM","76.0","68.1","76.6","64.7","point"
"2025-10-08 06:40:00 PM","74.6","71.5","75.4","64.7","point"
"2025-10-08 07:00:00 PM","73.0","74.1","73.9","64.2","point"
"2025-10-08 07:20:00 PM","71.5","77.0","72.5","64.0","point"
"2025-10-08 07:40:00 PM","70.5","79.6","71.6","63.9","point"
"2025-10-08 08:00:00 PM","70.0","80.9","71.1","63.9","point"
"2025-10-08 08:20:00 PM","69.8","81.8","70.7","64.0","point"
"2025-10-08 08:40:00 PM","69.8","83.0","70.7","64.4","point"
"2025-10-08 09:00:00 PM","72.1","78.9","73.4","65.2","point"
"2025-10-08 09:20:00 PM","72.4","73.8","73.4","63.6","point"
"2025-10-08 09:40:00 PM","72.1","72.8","72.9","62.9","point"
"2025-10-08 10:00:00 PM","70.8","67.5","71.2","59.5","point"
"2025-10-08 10:20:00 PM","69.9","69.5","70.2","59.5","point"
"2025-10-08 10:40:00 PM","69.2","70.1","69.1","59.1","point"
"2025-10-08 11:00:00 PM","68.6","64.3","68.0","56.1","point"
"2025-10-08 11:20:00 PM","68.2","62.5","67.3","54.9","point"
"2025-10-08 11:40:00 PM","67.8","60.4","66.7","53.6","point"
"2025-10-09 12:00:00 AM","67.1","62.1","65.8","53.7","point"
"2025-10-09 12:20:00 AM","66.9","60.7","65.5","52.9","point"
"2025-10-09 12:40:00 AM","66.7","59.1","64.8","52.0","point"
"2025-10-09 01:00:00 AM","66.2","57.6","64.2","50.8","point"
"2025-10-09 01:20:00 AM","65.5","56.5","63.1","49.6","point"
"2025-10-09 01:40:00 AM","64.8","55.6","62.1","48.6","point"
"2025-10-09 02:00:00 AM","64.4","54.8","61.5","47.8","point"
"2025-10-09 02:20:00 AM","64.1","53.9","61.2","47.1","point"
"2025-10-09 02:40:00 AM","63.9","52.5","61.0","46.2","point"
"2025-10-09 03:00:00 AM","63.0","53.0","60.1","45.6","point"
"2025-10-09 03:20:00 AM","62.3","54.0","59.5","45.5","point"
"2025-10-09 03:40:00 AM","61.7","54.3","59.0","45.1","point"
"2025-10-09 04:00:00 AM","61.1","55.0","58.5","44.8","point"
"2025-10-09 04:20:00 AM","60.6","55.3","58.1","44.6","point"
"2025-10-09 04:40:00 AM","60.3","55.7","57.9","44.5","point"
"2025-10-09 05:00:00 AM","59.9","57.0","57.7","44.6","point"
"2025-10-09 05:20:00 AM","59.4","57.3","57.2","44.3","point"
"2025-10-09 05:40:00 AM","58.9","58.3","56.8","44.3","point"
"2025-10-09 06:00:00 AM","58.2","59.8","56.1","44.2","point"
"2025-10-09 06:20:00 AM","57.7","60.8","55.9","44.3","point"
"2025-10-09 06:40:00 AM","57.5","59.5","55.4","43.5","point"
"2025-10-09 07:00:00 AM","57.2","58.8","55.4","42.9","point"
"2025-10-09 07:20:00 AM","56.8","58.8","54.9","42.5","point"
"2025-10-09 07:40:00 AM","56.6","59.5","54.7","42.7","point"
"2025-10-09 08:00:00 AM","57.5","58.3","55.4","43.0","point"
"2025-10-09 08:20:00 AM","57.0","60.9","55.2","43.7","point"
"2025-10-09 08:40:00 AM","57.6","61.8","55.8","44.6","point"
"2025-10-09 09:00:00 AM","57.8","63.0","56.1","45.2","point"
"2025-10-09 09:20:00 AM","58.5","63.3","56.8","46.1","point"
"2025-10-09 09:40:00 AM","59.5","63.1","57.6","46.9","point"
"2025-10-09 10:00:00 AM","60.1","62.2","58.3","47.1","point"
"2025-10-09 10:20:00 AM","61.4","60.3","59.4","47.5","point"
"2025-10-09 10:40:00 AM","62.3","59.1","60.1","47.8","point"
"2025-10-09 11:00:00 AM","63.1","56.9","60.4","47.6","point"
"2025-10-09 11:20:00 AM","64.5","53.8","61.5","47.4","point"
"2025-10-09 11:40:00 AM","66.9","50.8","64.4","48.1","point"
"2025-10-09 12:00:00 PM","66.6","49.2","63.9","47.0","point"
"2025-10-09 12:20:00 PM","67.6","48.3","65.1","47.4","point"
"2025-10-09 12:40:00 PM","67.6","46.9","64.9","46.6","point"
"2025-10-09 01:00:00 PM","68.6","46.1","66.6","47.1","point"
"2025-10-09 01:20:00 PM","69.2","45.1","67.3","47.0","point"
"2025-10-09 01:40:00 PM","70.2","45.7","68.9","48.3","point"
"2025-10-09 02:00:00 PM","70.0","44.3","68.5","47.3","point"
"2025-10-09 02:20:00 PM","70.1","43.7","68.5","47.0","point"
"2025-10-09 02:40:00 PM","71.5","44.3","70.2","48.7","point"
"2025-10-09 03:00:00 PM","70.3","43.8","68.7","47.3","point"
"2025-10-09 03:20:00 PM","71.2","44.5","69.8","48.5","point"
"2025-10-09 03:40:00 PM","71.2","44.3","69.8","48.3","point"
"2025-10-09 04:00:00 PM","70.8","44.9","69.6","48.3","point"
"2025-10-09 04:20:00 PM","69.5","46.1","67.8","47.9","point"
"2025-10-09 04:40:00 PM","69.4","45.1","67.6","47.2","point"
"2025-10-09 05:00:00 PM","71.7","42.6","70.2","47.8","point"
"2025-10-09 05:20:00 PM","68.3","47.2","66.0","47.5","point"
"2025-10-09 05:40:00 PM","67.4","48.6","64.9","47.4","point"
"2025-10-09 06:00:00 PM","67.1","49.9","64.8","47.8","point"
"2025-10-09 06:20:00 PM","66.1","50.8","63.3","47.3","point"
"2025-10-09 06:40:00 PM","65.1","52.6","62.1","47.4","point"
"2025-10-09 07:00:00 PM","64.2","53.6","61.2","47.0","point"
"2025-10-09 07:20:00 PM","63.8","54.6","61.0","47.1","point"
"2025-10-09 07:40:00 PM","63.0","55.7","60.3","46.9","point"
"2025-10-09 08:00:00 PM","62.6","56.8","60.1","47.1","point"
"2025-10-09 08:20:00 PM","62.3","57.5","59.9","47.2","point"
"2025-10-09 08:40:00 PM","61.7","58.8","59.4","47.1","point"
"2025-10-09 09:00:00 PM","61.0","60.3","59.0","47.2","point"
"2025-10-09 09:20:00 PM","60.6","61.4","58.5","47.2","point"
"2025-10-09 09:40:00 PM","60.3","62.0","58.5","47.3","point"
"2025-10-09 10:00:00 PM","59.8","63.3","57.9","47.3","point"
"2025-10-09 10:20:00 PM","59.3","64.5","57.6","47.3","point"
"2025-10-09 10:40:00 PM","59.4","64.6","57.7","47.5","point"
"2025-10-09 11:00:00 PM","59.1","64.5","57.4","47.1","point"
"2025-10-09 11:20:00 PM","58.6","65.3","56.8","47.0","point"
"2025-10-09 11:40:00 PM","58.0","66.2","56.5","46.8","point"
"2025-10-10 12:00:00 AM","57.5","67.2","56.1","46.7","point"
"2025-10-10 12:20:00 AM","56.9","68.5","55.6","46.6","point"
"2025-10-10 12:40:00 AM","56.3","69.7","55.0","46.5","point"
"2025-10-10 01:00:00 AM","56.0","69.8","54.9","46.3","point"
"2025-10-10 01:20:00 AM","55.7","70.3","54.5","46.2","point"
"2025-10-10 01:40:00 AM","55.8","71.3","54.9","46.7","point"
"2025-10-10 02:00:00 AM","55.5","72.8","54.5","46.9","point"
"2025-10-10 02:20:00 AM","55.4","74.2","54.7","47.4","point"
"2025-10-10 02:40:00 AM","54.7","76.4","54.1","47.4","point"
"2025-10-10 03:00:00 AM","53.9","78.7","53.4","47.5","point"
"2025-10-10 03:20:00 AM","53.8","80.3","53.4","47.9","point"
"2025-10-10 03:40:00 AM","54.4","80.6","54.0","48.5","point"
"2025-10-10 04:00:00 AM","54.5","80.8","54.1","48.7","point"
"2025-10-10 04:20:00 AM","54.1","82.4","53.8","48.9","point"
"2025-10-10 04:40:00 AM","54.6","83.8","54.5","49.7","point"
"2025-10-10 05:00:00 AM","55.2","83.2","55.2","50.2","point"
"2025-10-10 05:20:00 AM","55.2","83.0","55.2","50.2","point"
"2025-10-10 05:40:00 AM","55.1","83.4","55.0","50.2","point"
"2025-10-10 06:00:00 AM","55.2","83.6","55.0","50.3","point"
"2025-10-10 06:20:00 AM","54.9","83.7","54.9","50.1","point"
"2025-10-10 06:40:00 AM","54.8","83.7","54.7","50.0","point"
"2025-10-10 07:00:00 AM","54.8","83.8","54.7","50.0","point"
"2025-10-10 07:20:00 AM","54.9","83.1","54.9","49.9","point"
"2025-10-10 07:40:00 AM","55.1","82.7","55.0","49.9","point"
"2025-10-10 08:00:00 AM","55.3","82.1","55.0","49.9","point"
"2025-10-10 08:20:00 AM","55.5","81.5","55.2","50.0","point"
"2025-10-10 08:40:00 AM","56.2","80.2","55.8","50.2","point"
"2025-10-10 09:00:00 AM","56.7","78.7","56.1","50.2","point"
"2025-10-10 09:20:00 AM","57.3","75.7","56.5","49.7","point"
"2025-10-10 09:40:00 AM","58.4","74.5","57.6","50.3","point"
"2025-10-10 10:00:00 AM","58.8","73.0","57.7","50.2","point"
"2025-10-10 10:20:00 AM","59.7","70.6","58.6","50.2","point"
"2025-10-10 10:40:00 AM","60.0","67.7","58.6","49.3","point"
"2025-10-10 11:00:00 AM","61.4","65.7","59.7","49.8","point"
"2025-10-10 11:20:00 AM","62.6","64.3","60.8","50.4","point"
"2025-10-10 11:40:00 AM","63.1","61.6","60.8","49.7","point"
"2025-10-10 12:00:00 PM","63.9","60.7","61.7","50.1","point"
"2025-10-10 12:20:00 PM","65.3","57.4","62.6","49.8","point"
"2025-10-10 12:40:00 PM","65.1","57.0","62.4","49.5","point"
"2025-10-10 01:00:00 PM","65.6","56.6","63.1","49.8","point"
"2025-10-10 01:20:00 PM","66.5","56.8","64.4","50.7","point"
"2025-10-10 01:40:00 PM","66.3","54.0","63.9","49.2","point"
"2025-10-10 02:00:00 PM","66.8","53.0","64.6","49.1","point"
"2025-10-10 02:20:00 PM","66.3","53.6","63.9","49.0","point"
"2025-10-10 02:40:00 PM","66.9","52.9","64.8","49.2","point"
"2025-10-10 03:00:00 PM","67.1","53.7","65.1","49.8","point"
"2025-10-10 03:20:00 PM","67.3","53.5","65.3","49.9","point"
"2025-10-10 03:40:00 PM","66.9","54.2","64.6","49.8","point"
"2025-10-10 04:00:00 PM","66.8","54.3","64.6","49.8","point"
"2025-10-10 04:20:00 PM","67.2","54.0","65.1","50.0","point"
"2025-10-10 04:40:00 PM","66.6","55.3","64.4","50.1","point"
"2025-10-10 05:00:00 PM","66.2","56.7","63.9","50.4","point"
"2025-10-10 05:20:00 PM","65.8","58.1","63.3","50.7","point"
"2025-10-10 05:40:00 PM","65.4","59.0","63.0","50.7","point"
"2025-10-10 06:00:00 PM","64.9","60.4","62.6","50.9","point"
"2025-10-10 06:20:00 PM","64.6","61.9","62.6","51.3","point"
"2025-10-10 06:40:00 PM","64.1","63.5","62.1","51.5","point"
"2025-10-10 07:00:00 PM","63.1","65.6","61.2","51.4","point"
"2025-10-10 07:20:00 PM","62.4","68.2","60.8","51.8","point"
"2025-10-10 07:40:00 PM","61.8","70.3","60.4","52.1","point"
"2025-10-10 08:00:00 PM","61.5","71.6","60.3","52.2","point"
"2025-10-10 08:20:00 PM","61.2","72.9","60.1","52.4","point"
"2025-10-10 08:40:00 PM","60.9","73.6","59.9","52.4","point"
"2025-10-10 09:00:00 PM","60.6","74.3","59.7","52.4","point"
"2025-10-10 09:20:00 PM","60.5","74.0","59.5","52.2","point"
"2025-10-10 09:40:00 PM","60.4","74.3","59.4","52.1","point"
"2025-10-10 10:00:00 PM","60.0","75.2","59.2","52.2","point"
"2025-10-10 10:20:00 PM","59.7","76.3","58.8","52.2","point"
"2025-10-10 10:40:00 PM","59.6","77.0","59.0","52.4","point"
"2025-10-10 11:00:00 PM","59.4","78.0","58.8","52.5","point"
"2025-10-10 11:20:00 PM","59.2","78.8","58.8","52.6","point"
"2025-10-10 11:40:00 PM","58.9","79.5","58.5","52.6","point"
"2025-10-11 12:00:00 AM","58.7","80.3","58.3","52.7","point"
"2025-10-11 12:20:00 AM","58.6","81.2","58.3","52.8","point"
"2025-10-11 12:40:00 AM","58.4","82.2","58.1","53.0","point"
"2025-10-11 01:00:00 AM","58.5","83.1","58.5","53.3","point"
"2025-10-11 01:20:00 AM","58.4","83.7","58.3","53.5","point"
"2025-10-11 01:40:00 AM","58.3","84.6","58.1","53.7","point"
"2025-10-11 02:00:00 AM","58.2","85.2","58.1","53.7","point"
"2025-10-11 02:20:00 AM","58.0","86.1","57.9","53.9","point"
"2025-10-11 02:40:00 AM","57.8","86.5","57.9","53.8","point"
"2025-10-11 03:00:00 AM","57.7","87.1","57.7","53.9","point"
"2025-10-11 03:20:00 AM","57.6","87.7","57.7","53.9","point"
"2025-10-11 03:40:00 AM","57.6","87.9","57.7","54.0","point"
"2025-10-11 04:00:00 AM","57.7","88.0","57.9","54.2","point"
"2025-10-11 04:20:00 AM","57.8","87.7","57.9","54.2","point"
"2025-10-11 04:40:00 AM","57.8","87.8","57.9","54.2","point"
"2025-10-11 05:00:00 AM","58.0","88.2","58.3","54.6","point"
"2025-10-11 05:20:00 AM","58.3","88.5","58.6","54.9","point"
"2025-10-11 05:40:00 AM","58.6","88.7","58.8","55.2","point"
"2025-10-11 06:00:00 AM","58.3","88.5","58.6","54.9","point"
"2025-10-11 06:20:00 AM","58.0","88.9","58.3","54.8","point"
"2025-10-11 06:40:00 AM","58.0","89.7","58.3","55.0","point"
"2025-10-11 07:00:00 AM","58.0","89.8","58.3","55.0","point"
"2025-10-11 07:20:00 AM","58.1","89.8","58.3","55.1","point"
"2025-10-11 07:40:00 AM","58.1","90.0","58.3","55.1","point"
"2025-10-11 08:00:00 AM","58.2","90.0","58.5","55.3","point"
"2025-10-11 08:20:00 AM","58.4","89.8","58.6","55.4","point"
"2025-10-11 08:40:00 AM","58.9","89.4","59.2","55.7","point"
"2025-10-11 09:00:00 AM","59.3","89.0","59.5","56.0","point"
"2025-10-11 09:20:00 AM","59.8","88.4","60.1","56.4","point"
"2025-10-11 09:40:00 AM","60.0","88.7","60.3","56.7","point"
"2025-10-11 10:00:00 AM","60.5","88.0","60.6","56.9","point"
"2025-10-11 10:20:00 AM","61.2","87.5","61.3","57.4","point"
"2025-10-11 10:40:00 AM","61.6","86.8","61.7","57.7","point"
"2025-10-11 11:00:00 AM","62.2","86.8","62.2","58.2","point"
"2025-10-11 11:20:00 AM","62.4","86.1","62.2","58.2","point"
"2025-10-11 11:40:00 AM","62.8","86.1","62.6","58.6","point"
"2025-10-11 12:00:00 PM","62.9","85.8","62.8","58.6","point"
"2025-10-11 12:20:00 PM","63.3","86.0","63.1","59.1","point"
"2025-10-11 12:40:00 PM","63.3","85.4","63.1","58.8","point"
"2025-10-11 01:00:00 PM","63.7","85.0","63.7","59.1","point"
"2025-10-11 01:20:00 PM","63.8","85.3","63.7","59.3","point"
"2025-10-11 01:40:00 PM","63.2","85.8","63.1","58.9","point"
"2025-10-11 02:00:00 PM","63.0","86.5","63.1","58.9","point"
"2025-10-11 02:20:00 PM","62.9","86.6","63.0","58.9","point"
"2025-10-11 02:40:00 PM","62.9","86.7","63.0","58.8","point"
"2025-10-11 03:00:00 PM","63.3","86.4","63.3","59.2","point"
"2025-10-11 03:20:00 PM","62.9","86.7","63.0","58.9","point"
"2025-10-11 03:40:00 PM","63.2","86.9","63.3","59.2","point"
"2025-10-11 04:00:00 PM","63.5","86.6","63.7","59.5","point"
"2025-10-11 04:20:00 PM","63.9","86.6","64.0","59.8","point"
"2025-10-11 04:40:00 PM","64.0","86.5","64.0","59.8","point"
"2025-10-11 05:00:00 PM","64.0","86.2","63.9","59.8","point"
"2025-10-11 05:20:00 PM","63.7","86.8","63.9","59.7","point"
"2025-10-11 05:40:00 PM","63.8","87.0","63.9","59.8","point"
"2025-10-11 06:00:00 PM","63.8","87.1","63.9","59.9","point"
"2025-10-11 06:20:00 PM","63.8","88.2","63.9","60.2","point"
"2025-10-11 06:40:00 PM","63.0","90.9","63.5","60.3","point"
"2025-10-11 07:00:00 PM","62.6","93.5","63.3","60.7","point"
"2025-10-11 07:20:00 PM","62.4","94.4","63.1","60.8","point"
"2025-10-11 07:40:00 PM","62.4","94.7","63.1","60.9","point"
"2025-10-11 08:00:00 PM","62.3","95.2","63.1","60.9","point"
"2025-10-11 08:20:00 PM","62.2","95.7","63.1","60.9","point"
"2025-10-11 08:40:00 PM","62.0","96.2","63.0","60.9","point"
"2025-10-11 09:00:00 PM","61.9","96.5","63.0","60.9","point"
"2025-10-11 09:20:00 PM","61.8","96.7","62.8","60.9","point"
"2025-10-11 09:40:00 PM","61.9","96.8","63.0","61.0","point"
"2025-10-11 10:00:00 PM","62.0","96.9","63.0","61.1","point"
"2025-10-11 10:20:00 PM","61.9","97.0","63.0","61.0","point"
"2025-10-11 10:40:00 PM","61.8","97.1","62.8","60.9","point"
"2025-10-11 11:00:00 PM","61.8","97.2","62.8","60.9","point"
"2025-10-11 11:20:00 PM","61.9","97.4","63.0","61.1","point"
"2025-10-11 11:40:00 PM","61.9","97.4","63.0","61.2","point"
"2025-10-12 12:00:00 AM","62.0","97.5","63.1","61.2","point"
"2025-10-12 12:20:00 AM","62.0","97.6","63.1","61.3","point"
"2025-10-12 12:40:00 AM","62.1","97.6","63.3","61.4","point"
"2025-10-12 01:00:00 AM","62.2","97.7","63.3","61.6","point"
"2025-10-12 01:20:00 AM","62.3","97.7","63.5","61.6","point"
"2025-10-12 01:40:00 AM","62.2","97.7","63.3","61.6","point"
"2025-10-12 02:00:00 AM","62.2","97.8","63.3","61.5","point"
"2025-10-12 02:20:00 AM","62.0","97.8","63.1","61.4","point"
"2025-10-12 02:40:00 AM","62.1","97.9","63.3","61.5","point"
"2025-10-12 03:00:00 AM","62.2","97.9","63.3","61.6","point"
"2025-10-12 03:20:00 AM","62.2","98.0","63.3","61.6","point"
"2025-10-12 03:40:00 AM","62.2","98.1","63.3","61.6","point"
"2025-10-12 04:00:00 AM","62.2","98.1","63.3","61.6","point"
"2025-10-12 04:20:00 AM","62.3","98.1","63.5","61.7","point"
"2025-10-12 04:40:00 AM","62.3","98.2","63.5","61.8","point"
"2025-10-12 05:00:00 AM","62.4","98.2","63.7","61.9","point"
"2025-10-12 05:20:00 AM","62.6","98.2","63.9","62.1","point"
"2025-10-12 05:40:00 AM","63.0","98.2","64.2","62.4","point"
"2025-10-12 06:00:00 AM","63.1","98.0","64.2","62.5","point"
"2025-10-12 06:20:00 AM","63.2","98.0","64.4","62.6","point"
"2025-10-12 06:40:00 AM","63.2","98.0","64.4","62.6","point"
"2025-10-12 07:00:00 AM","63.4","97.9","64.6","62.8","point"
"2025-10-12 07:20:00 AM","63.6","97.7","64.8","63.0","point"
"2025-10-12 07:40:00 AM","63.8","97.4","64.8","63.0","point"
"2025-10-12 08:00:00 AM","64.0","97.2","64.9","63.2","point"
"2025-10-12 08:20:00 AM","64.2","97.3","65.3","63.4","point"
"2025-10-12 08:40:00 AM","64.8","96.3","65.8","63.7","point"
"2025-10-12 09:00:00 AM","65.2","95.6","66.2","63.9","point"
"2025-10-12 09:20:00 AM","66.1","93.8","67.1","64.2","point"
"2025-10-12 09:40:00 AM","66.0","93.5","66.7","64.1","point"
"2025-10-12 10:00:00 AM","66.1","93.3","66.9","64.1","point"
"2025-10-12 10:20:00 AM","65.9","94.0","66.9","64.1","point"
"2025-10-12 10:40:00 AM","65.7","95.7","66.9","64.4","point"
"2025-10-12 11:00:00 AM","65.8","96.0","66.9","64.6","point"
"2025-10-12 11:20:00 AM","66.2","96.0","67.3","65.0","point"
"2025-10-12 11:40:00 AM","66.3","96.0","67.5","65.2","point"
"2025-10-12 12:00:00 PM","66.8","95.7","68.0","65.6","point"
"2025-10-12 12:20:00 PM","67.0","94.5","68.2","65.4","point"
"2025-10-12 12:40:00 PM","67.7","94.2","69.1","65.9","point"
"2025-10-12 01:00:00 PM","67.6","91.1","68.5","64.9","point"
"2025-10-12 01:20:00 PM","67.9","91.7","69.1","65.4","point"
"2025-10-12 01:40:00 PM","67.2","92.2","68.2","64.9","point"
"2025-10-12 02:00:00 PM","66.5","94.0","67.6","64.8","point"
"2025-10-12 02:20:00 PM","66.3","94.2","67.5","64.5","point"
"2025-10-12 02:40:00 PM","66.1","94.2","67.1","64.3","point"
"2025-10-12 03:00:00 PM","65.7","94.3","66.7","64.0","point"
"2025-10-12 03:20:00 PM","65.5","95.5","66.6","64.2","point"
"2025-10-12 03:40:00 PM","65.3","95.5","66.4","64.0","point"
"2025-10-12 04:00:00 PM","65.2","95.2","66.2","63.8","point"
"2025-10-12 04:20:00 PM","64.9","94.5","66.0","63.3","point"
"2025-10-12 04:40:00 PM","64.4","94.5","65.1","62.7","point"
"2025-10-12 05:00:00 PM","63.5","94.9","64.4","62.0","point"
"2025-10-12 05:20:00 PM","63.2","95.5","64.0","61.9","point"
"2025-10-12 05:40:00 PM","62.9","95.8","63.9","61.7","point"
"2025-10-12 06:00:00 PM","62.3","95.3","63.1","60.9","point"
"2025-10-12 06:20:00 PM","62.2","95.1","63.0","60.7","point"
"2025-10-12 06:40:00 PM","61.9","95.1","62.8","60.5","point"
"2025-10-12 07:00:00 PM","61.8","94.7","62.6","60.2","point"
"2025-10-12 07:20:00 PM","61.5","94.1","62.4","59.8","point"
"2025-10-12 07:40:00 PM","61.4","93.0","62.1","59.4","point"
"2025-10-12 08:00:00 PM","61.4","92.0","62.1","59.0","point"
"2025-10-12 08:20:00 PM","60.9","94.4","61.7","59.3","point"
"2025-10-12 08:40:00 PM","59.9","95.4","60.6","58.6","point"
"2025-10-12 09:00:00 PM","59.5","96.0","60.3","58.3","point"
"2025-10-12 09:20:00 PM","59.3","96.3","60.1","58.2","point"
"2025-10-12 09:40:00 PM","59.1","96.1","59.9","58.0","point"
"2025-10-12 10:00:00 PM","59.2","95.4","59.9","57.9","point"
"2025-10-12 10:20:00 PM","59.4","94.7","60.1","57.9","point"
"2025-10-12 10:40:00 PM","59.4","93.7","60.1","57.6","point"
"2025-10-12 11:00:00 PM","59.5","92.8","60.1","57.4","point"
"2025-10-12 11:20:00 PM","59.6","92.0","60.3","57.3","point"
"2025-10-12 11:40:00 PM","59.7","91.6","60.3","57.3","point"
"2025-10-13 12:00:00 AM","59.7","91.7","60.1","57.3","point"
"2025-10-13 12:20:00 AM","59.9","90.8","60.3","57.2","point"
"2025-10-13 12:40:00 AM","59.8","91.1","60.3","57.2","point"
"2025-10-13 01:00:00 AM","59.8","91.1","60.3","57.2","point"
"2025-10-13 01:20:00 AM","59.7","91.7","60.1","57.3","point"
"2025-10-13 01:40:00 AM","59.6","92.7","60.3","57.5","point"
"2025-10-13 02:00:00 AM","59.4","93.3","60.1","57.4","point"
"2025-10-13 02:20:00 AM","59.3","93.5","59.9","57.4","point"
"2025-10-13 02:40:00 AM","59.3","93.0","59.9","57.3","point"
"2025-10-13 03:00:00 AM","59.5","92.9","60.1","57.4","point"
"2025-10-13 03:20:00 AM","59.5","93.0","60.1","57.4","point"
"2025-10-13 03:40:00 AM","59.4","93.0","60.1","57.4","point"
"2025-10-13 04:00:00 AM","59.0","94.6","59.7","57.5","point"
"2025-10-13 04:20:00 AM","58.9","95.3","59.5","57.6","point"
"2025-10-13 04:40:00 AM","58.9","94.8","59.5","57.4","point"
"2025-10-13 05:00:00 AM","58.9","95.0","59.5","57.5","point"
"2025-10-13 05:20:00 AM","58.8","94.1","59.4","57.1","point"
"2025-10-13 05:40:00 AM","58.8","94.0","59.4","57.1","point"
"2025-10-13 06:00:00 AM","58.9","93.8","59.5","57.1","point"
"2025-10-13 06:20:00 AM","58.9","93.5","59.5","57.0","point"
"2025-10-13 06:40:00 AM","58.8","92.9","59.4","56.8","point"
"2025-10-13 07:00:00 AM","58.8","92.6","59.4","56.6","point"
"2025-10-13 07:20:00 AM","58.8","93.1","59.4","56.8","point"
"2025-10-13 07:40:00 AM","58.8","92.6","59.4","56.7","point"
"2025-10-13 08:00:00 AM","58.8","91.9","59.4","56.5","point"
"2025-10-13 08:20:00 AM","59.2","91.5","59.7","56.7","point"
"2025-10-13 08:40:00 AM","59.5","90.6","59.9","56.7","point"
"2025-10-13 09:00:00 AM","59.7","90.1","60.1","56.8","point"
"2025-10-13 09:20:00 AM","59.8","89.5","60.1","56.7","point"
"2025-10-13 09:40:00 AM","60.0","87.9","60.1","56.4","point"
"2025-10-13 10:00:00 AM","61.0","86.9","61.0","57.0","point"
"2025-10-13 10:20:00 AM","61.6","85.4","61.5","57.1","point"
"2025-10-13 10:40:00 AM","62.0","83.8","61.9","57.0","point"
"2025-10-13 11:00:00 AM","63.0","82.4","62.8","57.5","point"
"2025-10-13 11:20:00 AM","63.1","80.3","62.6","57.0","point"
"2025-10-13 11:40:00 AM","63.0","80.7","62.8","57.0","point"
"2025-10-13 12:00:00 PM","64.1","79.9","63.7","57.7","point"
"2025-10-13 12:20:00 PM","64.5","78.6","63.9","57.7","point"
"2025-10-13 12:40:00 PM","65.3","77.5","64.8","58.1","point"
"2025-10-13 01:00:00 PM","65.4","76.3","64.6","57.7","point"
"2025-10-13 01:20:00 PM","64.8","77.9","64.2","57.8","point"
"2025-10-13 01:40:00 PM","66.0","77.5","65.5","58.8","point"
"2025-10-13 02:00:00 PM","65.8","76.8","65.1","58.3","point"
"2025-10-13 02:20:00 PM","68.4","72.5","68.4","59.2","point"
"2025-10-13 02:40:00 PM","67.5","72.5","67.1","58.4","point"
"2025-10-13 03:00:00 PM","66.8","73.8","66.4","58.2","point"
"2025-10-13 03:20:00 PM","67.4","71.7","66.9","57.9","point"
"2025-10-13 03:40:00 PM","67.0","72.2","66.4","57.8","point"
"2025-10-13 04:00:00 PM","67.4","73.3","67.1","58.6","point"
"2025-10-13 04:20:00 PM","67.0","74.1","66.6","58.5","point"
"2025-10-13 04:40:00 PM","67.6","72.2","67.1","58.3","point"
"2025-10-13 05:00:00 PM","68.7","72.0","68.9","59.4","point"
"2025-10-13 05:20:00 PM","68.5","71.8","68.2","59.0","point"
"2025-10-13 05:40:00 PM","67.0","77.5","66.9","59.7","point"
"2025-10-13 06:00:00 PM","66.3","78.4","65.8","59.3","point"
"2025-10-13 06:20:00 PM","65.2","81.3","64.9","59.3","point"
"2025-10-13 06:40:00 PM","64.3","83.7","64.2","59.3","point"
"2025-10-13 07:00:00 PM","63.1","86.6","63.1","59.0","point"
"2025-10-13 07:20:00 PM","62.3","89.0","62.6","59.1","point"
"2025-10-13 07:40:00 PM","61.6","90.5","62.1","58.7","point"
"2025-10-13 08:00:00 PM","60.8","91.2","61.2","58.2","point"
"2025-10-13 08:20:00 PM","60.1","92.2","60.8","57.8","point"
"2025-10-13 08:40:00 PM","59.6","93.3","60.3","57.7","point"
"2025-10-13 09:00:00 PM","59.4","94.3","60.1","57.7","point"
"2025-10-13 09:20:00 PM","59.4","94.7","60.1","57.8","point"
"2025-10-13 09:40:00 PM","59.1","94.6","59.7","57.6","point"
"2025-10-13 10:00:00 PM","59.8","93.3","60.4","57.8","point"
"2025-10-13 10:20:00 PM","60.6","90.8","61.2","57.9","point"
"2025-10-13 10:40:00 PM","61.3","89.4","61.5","58.1","point"
"2025-10-13 11:00:00 PM","61.3","89.5","61.5","58.1","point"
"2025-10-13 11:20:00 PM","61.0","90.5","61.5","58.2","point"
"2025-10-13 11:40:00 PM","60.9","90.4","61.3","58.1","point"
"2025-10-14 12:00:00 AM","60.9","89.9","61.2","57.9","point"
"2025-10-14 12:20:00 AM","60.9","89.2","61.2","57.7","point"
"2025-10-14 12:40:00 AM","60.8","89.4","61.2","57.7","point"
"2025-10-14 01:00:00 AM","60.8","88.8","61.0","57.4","point"
"2025-10-14 01:20:00 AM","60.6","88.8","60.8","57.3","point"
"2025-10-14 01:40:00 AM","60.4","89.1","60.6","57.2","point"
"2025-10-14 02:00:00 AM","59.8","89.2","60.1","56.6","point"
"2025-10-14 02:20:00 AM","58.7","90.0","59.0","55.8","point"
"2025-10-14 02:40:00 AM","58.3","91.6","58.8","55.9","point"
"2025-10-14 03:00:00 AM","58.0","92.0","58.5","55.7","point"
"2025-10-14 03:20:00 AM","58.2","92.0","58.6","55.9","point"
"2025-10-14 03:40:00 AM","59.2","90.0","59.5","56.2","point"
"2025-10-14 04:00:00 AM","59.4","89.6","59.7","56.3","point"
"2025-10-14 04:20:00 AM","59.0","90.3","59.4","56.1","point"
"2025-10-14 04:40:00 AM","58.3","91.7","58.8","55.9","point"
"2025-10-14 05:00:00 AM","58.1","92.2","58.6","55.9","point"
"2025-10-14 05:20:00 AM","57.8","92.2","58.3","55.5","point"
"2025-10-14 05:40:00 AM","58.2","91.7","58.6","55.8","point"
"2025-10-14 06:00:00 AM","58.1","91.4","58.6","55.6","point"
"2025-10-14 06:20:00 AM","58.5","90.9","59.0","55.8","point"
"2025-10-14 06:40:00 AM","58.5","90.2","59.0","55.6","point"
"2025-10-14 07:00:00 AM","58.7","89.5","59.0","55.7","point"
"2025-10-14 07:20:00 AM","58.9","89.2","59.2","55.7","point"
"2025-10-14 07:40:00 AM","59.0","88.1","59.2","55.5","point"
"2025-10-14 08:00:00 AM","59.4","87.2","59.5","55.6","point"
"2025-10-14 08:20:00 AM","60.3","85.4","60.3","55.9","point"
"2025-10-14 08:40:00 AM","60.9","83.3","60.8","55.8","point"
"2025-10-14 09:00:00 AM","61.7","80.7","61.5","55.7","point"
"2025-10-14 09:20:00 AM","62.5","78.4","61.9","55.7","point"
"2025-10-14 09:40:00 AM","63.5","75.9","62.8","55.8","point"
"2025-10-14 10:00:00 AM","64.3","74.6","63.3","56.0","point"
"2025-10-14 10:20:00 AM","64.6","73.1","63.5","55.8","point"
"2025-10-14 10:40:00 AM","64.6","73.5","63.5","55.9","point"
"2025-10-14 11:00:00 AM","65.9","73.5","65.1","57.2","point"
"2025-10-14 11:20:00 AM","65.7","72.8","64.8","56.8","point"
"2025-10-14 11:40:00 AM","68.2","71.8","68.0","58.7","point"
"2025-10-14 12:00:00 PM","67.4","69.7","66.7","57.2","point"
"2025-10-14 12:20:00 PM","67.9","70.6","67.5","58.0","point"
"2025-10-14 12:40:00 PM","67.4","72.1","66.9","58.0","point"
"2025-10-14 01:00:00 PM","66.7","72.9","66.0","57.7","point"
"2025-10-14 01:20:00 PM","67.7","72.3","67.5","58.5","point"
"2025-10-14 01:40:00 PM","67.1","72.1","66.7","57.8","point"
"2025-10-14 02:00:00 PM","68.6","70.0","68.4","58.4","point"
"2025-10-14 02:20:00 PM","70.0","69.8","70.3","59.7","point"
"2025-10-14 02:40:00 PM","69.3","69.6","69.4","58.9","point"
"2025-10-14 03:00:00 PM","69.6","68.8","69.6","58.9","point"
"2025-10-14 03:20:00 PM","70.2","68.4","70.3","59.3","point"
"2025-10-14 03:40:00 PM","70.4","68.7","70.7","59.6","point"
"2025-10-14 04:00:00 PM","70.9","69.0","71.6","60.2","point"
"2025-10-14 04:20:00 PM","71.6","68.4","72.0","60.6","point"
"2025-10-14 04:40:00 PM","70.6","69.2","71.1","60.0","point"
"2025-10-14 05:00:00 PM","71.2","66.5","71.6","59.5","point"
"2025-10-14 05:20:00 PM","70.8","68.2","71.2","59.8","point"
"2025-10-14 05:40:00 PM","68.8","71.3","68.7","59.1","point"
"2025-10-14 06:00:00 PM","67.8","73.4","67.8","59.0","point"
"2025-10-14 06:20:00 PM","67.0","76.1","66.7","59.3","point"
"2025-10-14 06:40:00 PM","65.5","79.9","65.1","59.1","point"
"2025-10-14 07:00:00 PM","64.2","83.0","64.0","58.9","point"
"2025-10-14 07:20:00 PM","63.0","85.3","63.0","58.5","point"
"2025-10-14 07:40:00 PM","62.2","88.1","62.2","58.7","point"
"2025-10-14 08:00:00 PM","61.6","89.4","61.9","58.5","point"
"2025-10-14 08:20:00 PM","61.3","90.6","61.7","58.5","point"
"2025-10-14 08:40:00 PM","60.7","91.0","61.2","58.1","point"
"2025-10-14 09:00:00 PM","60.3","92.2","61.0","58.0","point"
"2025-10-14 09:20:00 PM","59.9","93.0","60.4","57.8","point"
"2025-10-14 09:40:00 PM","59.8","93.8","60.4","58.0","point"
"2025-10-14 10:00:00 PM","59.6","93.9","60.4","57.8","point"
"2025-10-14 10:20:00 PM","59.2","94.4","59.9","57.6","point"
"2025-10-14 10:40:00 PM","58.9","94.9","59.5","57.4","point"
"2025-10-14 11:00:00 PM","59.2","94.8","59.9","57.7","point"
"2025-10-14 11:20:00 PM","58.7","94.5","59.4","57.2","point"
"2025-10-14 11:40:00 PM","58.3","95.1","59.0","56.9","point"
"2025-10-15 12:00:00 AM","58.0","95.4","58.6","56.7","point"
"2025-10-15 12:20:00 AM","57.7","95.9","58.5","56.5","point"
"2025-10-15 12:40:00 AM","57.6","96.3","58.5","56.6","point"
"2025-10-15 01:00:00 AM","57.5","96.4","58.3","56.5","point"
"2025-10-15 01:20:00 AM","57.3","96.6","58.1","56.4","point"
"2025-10-15 01:40:00 AM","57.3","96.5","58.1","56.3","point"
"2025-10-15 02:00:00 AM","57.0","96.5","57.7","56.0","point"
"2025-10-15 02:20:00 AM","57.0","96.6","57.7","56.0","point"
"2025-10-15 02:40:00 AM","56.8","96.3","57.6","55.8","point"
"2025-10-15 03:00:00 AM","56.7","96.2","57.6","55.7","point"
"2025-10-15 03:20:00 AM","56.5","96.1","57.4","55.4","point"
"2025-10-15 03:40:00 AM","56.2","96.1","57.0","55.1","point"
"2025-10-15 04:00:00 AM","56.0","96.3","56.8","55.0","point"
"2025-10-15 04:20:00 AM","56.0","96.3","56.8","55.0","point"
"2025-10-15 04:40:00 AM","55.9","96.3","56.7","54.9","point"
"2025-10-15 05:00:00 AM","56.0","96.2","56.8","54.9","point"
"2025-10-15 05:20:00 AM","55.8","95.9","56.7","54.7","point"
"2025-10-15 05:40:00 AM","55.5","95.9","56.1","54.4","point"
"2025-10-15 06:00:00 AM","55.2","96.3","55.8","54.2","point"
"2025-10-15 06:20:00 AM","54.8","96.7","55.4","53.9","point"
"2025-10-15 06:40:00 AM","54.5","97.0","55.0","53.6","point"
"2025-10-15 07:00:00 AM","54.1","97.1","54.7","53.3","point"
"2025-10-15 07:20:00 AM","54.1","97.5","55.0","53.4","point"
"2025-10-15 07:40:00 AM","54.3","97.7","55.0","53.7","point"
"2025-10-15 08:00:00 AM","55.1","97.9","55.9","54.5","point"
"2025-10-15 08:20:00 AM","56.1","97.0","57.0","55.3","point"
"2025-10-15 08:40:00 AM","57.3","94.1","57.9","55.6","point"
"2025-10-15 09:00:00 AM","59.0","89.6","59.4","55.9","point"
"2025-10-15 09:20:00 AM","60.5","84.7","60.4","55.9","point"
"2025-10-15 09:40:00 AM","61.9","80.5","61.5","55.9","point"
"2025-10-15 10:00:00 AM","62.6","77.5","62.1","55.5","point"
"2025-10-15 10:20:00 AM","63.3","75.1","62.6","55.3","point"
"2025-10-15 10:40:00 AM","64.2","74.7","63.1","56.0","point"
"2025-10-15 11:00:00 AM","65.3","71.9","64.2","56.0","point"
"2025-10-15 11:20:00 AM","66.7","69.4","65.7","56.3","point"
"2025-10-15 11:40:00 AM","68.3","66.5","67.6","56.7","point"
"2025-10-15 12:00:00 PM","69.0","63.1","68.4","56.0","point"
"2025-10-15 12:20:00 PM","70.6","62.0","70.5","57.0","point"
"2025-10-15 12:40:00 PM","71.8","60.5","71.8","57.4","point"
"2025-10-15 01:00:00 PM","71.4","57.4","70.9","55.5","point"
"2025-10-15 01:20:00 PM","73.2","57.5","73.0","57.3","point"
"2025-10-15 01:40:00 PM","74.7","55.7","74.1","57.8","point"
"2025-10-15 02:00:00 PM","73.8","54.2","73.0","56.2","point"
"2025-10-15 02:20:00 PM","75.5","54.0","74.7","57.8","point"
"2025-10-15 02:40:00 PM","76.4","52.1","75.4","57.5","point"
"2025-10-15 03:00:00 PM","76.1","52.8","75.2","57.6","point"
"2025-10-15 03:20:00 PM","76.8","51.3","75.7","57.5","point"
"2025-10-15 03:40:00 PM","77.0","49.9","75.6","56.9","point"
"2025-10-15 04:00:00 PM","75.6","51.3","74.5","56.4","point"
"2025-10-15 04:20:00 PM","75.7","50.2","74.5","55.9","point"
"2025-10-15 04:40:00 PM","75.5","50.3","74.3","55.7","point"
"2025-10-15 05:00:00 PM","78.0","49.0","77.0","57.3","point"
"2025-10-15 05:20:00 PM","74.7","52.9","73.8","56.3","point"
"2025-10-15 05:40:00 PM","72.9","55.0","72.5","55.8","point"
"2025-10-15 06:00:00 PM","71.5","57.3","71.1","55.7","point"
"2025-10-15 06:20:00 PM","70.2","61.6","70.0","56.4","point"
"2025-10-15 06:40:00 PM","68.4","65.4","67.8","56.3","point"
"2025-10-15 07:00:00 PM","66.8","69.0","65.8","56.4","point"
"2025-10-15 07:20:00 PM","65.6","71.7","64.4","56.2","point"
"2025-10-15 07:40:00 PM","64.6","74.1","63.7","56.1","point"
"2025-10-15 08:00:00 PM","63.8","76.2","63.0","56.2","point"
"2025-10-15 08:20:00 PM","62.9","77.8","62.2","55.8","point"
"2025-10-15 08:40:00 PM","62.2","80.5","61.7","56.1","point"
"2025-10-15 09:00:00 PM","61.9","80.8","61.7","55.9","point"
"2025-10-15 09:20:00 PM","61.3","81.5","61.0","55.6","point"
"2025-10-15 09:40:00 PM","61.0","81.7","60.8","55.4","point"
"2025-10-15 10:00:00 PM","60.8","82.8","60.8","55.6","point"
"2025-10-15 10:20:00 PM","60.6","82.5","60.6","55.3","point"
"2025-10-15 10:40:00 PM","60.1","83.8","60.1","55.1","point"
"2025-10-15 11:00:00 PM","59.6","84.9","59.5","55.0","point"
"2025-10-15 11:20:00 PM","59.1","86.8","59.2","55.2","point"
"2025-10-15 11:40:00 PM","59.0","87.3","59.2","55.2","point"
"2025-10-16 12:00:00 AM","59.2","86.6","59.4","55.2","point"
"2025-10-16 12:20:00 AM","59.0","86.8","59.0","55.0","point"
"2025-10-16 12:40:00 AM","58.9","87.4","59.0","55.1","point"
"2025-10-16 01:00:00 AM","58.6","87.9","58.6","55.0","point"
"2025-10-16 01:20:00 AM","58.8","86.7","58.8","54.8","point"
"2025-10-16 01:40:00 AM","57.8","88.9","58.1","54.6","point"
"2025-10-16 02:00:00 AM","57.3","90.1","57.7","54.4","point"
"2025-10-16 02:20:00 AM","57.0","90.1","57.6","54.2","point"
"2025-10-16 02:40:00 AM","57.3","88.2","57.4","53.8","point"
"2025-10-16 03:00:00 AM","58.6","80.1","58.1","52.5","point"
"2025-10-16 03:20:00 AM","59.2","75.6","58.5","51.5","point"
"2025-10-16 03:40:00 AM","57.9","76.9","57.0","50.7","point"
"2025-10-16 04:00:00 AM","56.9","78.4","56.3","50.2","point"
"2025-10-16 04:20:00 AM","56.4","79.0","55.9","50.0","point"
"2025-10-16 04:40:00 AM","56.0","80.3","55.6","50.1","point"
"2025-10-16 05:00:00 AM","55.7","81.0","55.4","50.0","point"
"2025-10-16 05:20:00 AM","55.1","82.7","55.0","50.0","point"
"2025-10-16 05:40:00 AM","54.5","84.6","54.5","50.0","point"
"2025-10-16 06:00:00 AM","54.1","86.8","54.1","50.3","point"
"2025-10-16 06:20:00 AM","53.6","88.9","53.8","50.4","point"
"2025-10-16 06:40:00 AM","53.5","89.5","53.6","50.5","point"
"2025-10-16 07:00:00 AM","53.2","88.7","53.2","49.9","point"
"2025-10-16 07:20:00 AM","52.6","88.5","52.7","49.3","point"
"2025-10-16 07:40:00 AM","52.5","89.0","52.5","49.3","point"
"2025-10-16 08:00:00 AM","53.1","89.1","53.2","49.9","point"
"2025-10-16 08:20:00 AM","54.0","86.8","54.1","50.2","point"
"2025-10-16 08:40:00 AM","55.0","83.6","54.9","50.1","point"
"2025-10-16 09:00:00 AM","56.8","74.4","55.9","48.7","point"
"2025-10-16 09:20:00 AM","57.5","68.6","56.1","47.2","point"
"2025-10-16 09:40:00 AM","58.1","67.0","56.5","47.2","point"
"2025-10-16 10:00:00 AM","58.8","65.4","57.0","47.2","point"
"2025-10-16 10:20:00 AM","59.7","64.1","57.9","47.5","point"
"2025-10-16 10:40:00 AM","60.3","60.7","58.3","46.7","point"
"2025-10-16 11:00:00 AM","61.2","60.1","59.2","47.2","point"
"2025-10-16 11:20:00 AM","62.2","56.9","59.7","46.7","point"
"2025-10-16 11:40:00 AM","64.3","54.3","61.3","47.5","point"
"2025-10-16 12:00:00 PM","64.9","52.4","61.9","47.1","point"
"2025-10-16 12:20:00 PM","66.6","49.8","63.9","47.3","point"
"2025-10-16 12:40:00 PM","67.2","48.2","64.6","47.0","point"
"2025-10-16 01:00:00 PM","67.0","48.4","64.4","47.0","point"
"2025-10-16 01:20:00 PM","68.2","46.5","66.0","46.9","point"
"2025-10-16 01:40:00 PM","70.0","45.0","68.7","47.7","point"
"2025-10-16 02:00:00 PM","69.5","41.3","67.5","45.1","point"
"2025-10-16 02:20:00 PM","70.1","37.8","68.0","43.2","point"
"2025-10-16 02:40:00 PM","69.9","38.4","67.6","43.4","point"
"2025-10-16 03:00:00 PM","69.9","37.9","67.6","43.0","point"
"2025-10-16 03:20:00 PM","70.0","38.4","68.0","43.5","point"
"2025-10-16 03:40:00 PM","70.8","37.1","69.1","43.4","point"
"2025-10-16 04:00:00 PM","69.7","38.6","67.6","43.4","point"
"2025-10-16 04:20:00 PM","69.1","38.8","66.6","42.9","point"
"2025-10-16 04:40:00 PM","69.1","39.3","66.7","43.3","point"
"2025-10-16 05:00:00 PM","71.4","38.3","69.4","44.7","point"
"2025-10-16 05:20:00 PM","68.0","42.0","65.3","44.1","point"
"2025-10-16 05:40:00 PM","66.4","44.7","63.1","44.3","point"
"2025-10-16 06:00:00 PM","64.8","50.4","61.5","46.0","point"
"2025-10-16 06:20:00 PM","62.9","54.9","60.1","46.5","point"
"2025-10-16 06:40:00 PM","61.1","60.4","59.0","47.3","point"
"2025-10-16 07:00:00 PM","59.4","64.3","57.7","47.4","point"
"2025-10-16 07:20:00 PM","58.0","66.8","56.5","47.1","point"
"2025-10-16 07:40:00 PM","56.9","67.7","55.6","46.4","point"
"2025-10-16 08:00:00 PM","56.3","71.6","55.4","47.3","point"
"2025-10-16 08:20:00 PM","55.7","70.1","54.5","46.1","point"
"2025-10-16 08:40:00 PM","55.1","72.1","54.1","46.2","point"
"2025-10-16 09:00:00 PM","54.6","71.3","53.6","45.5","point"
"2025-10-16 09:20:00 PM","54.3","73.7","53.4","46.1","point"
"2025-10-16 09:40:00 PM","53.7","75.6","53.1","46.1","point"
"2025-10-16 10:00:00 PM","53.0","77.7","52.5","46.2","point"
"2025-10-16 10:20:00 PM","52.3","78.0","51.8","45.7","point"
"2025-10-16 10:40:00 PM","51.7","77.4","51.3","44.9","point"
"2025-10-16 11:00:00 PM","51.1","81.0","50.9","45.5","point"
"2025-10-16 11:20:00 PM","50.6","81.9","50.3","45.3","point"
"2025-10-16 11:40:00 PM","50.2","83.6","50.2","45.5","point"
"2025-10-17 12:00:00 AM","49.7","85.3","49.6","45.5","point"
"2025-10-17 12:20:00 AM","49.2","87.4","49.3","45.7","point"
"2025-10-17 12:40:00 AM","48.6","87.6","48.7","45.1","point"
"2025-10-17 01:00:00 AM","48.4","87.9","48.4","44.9","point"
"2025-10-17 01:20:00 AM","48.3","88.3","48.4","45.0","point"
"2025-10-17 01:40:00 AM","48.1","87.8","48.0","44.7","point"
"2025-10-17 02:00:00 AM","47.7","87.8","47.6","44.2","point"
"2025-10-17 02:20:00 AM","47.8","85.7","47.8","43.8","point"
"2025-10-17 02:40:00 AM","47.5","84.8","47.5","43.1","point"
"2025-10-17 03:00:00 AM","47.3","84.6","47.3","42.9","point"
"2025-10-17 03:20:00 AM","46.9","85.9","46.7","42.9","point"
"2025-10-17 03:40:00 AM","46.1","86.7","46.0","42.4","point"
"2025-10-17 04:00:00 AM","46.1","86.1","46.0","42.2","point"
"2025-10-17 04:20:00 AM","46.0","86.8","46.0","42.3","point"
"2025-10-17 04:40:00 AM","45.9","85.0","45.9","41.6","point"
"2025-10-17 05:00:00 AM","45.4","85.2","45.3","41.2","point"
"2025-10-17 05:20:00 AM","45.7","84.6","45.7","41.3","point"
"2025-10-17 05:40:00 AM","45.5","84.3","45.5","41.0","point"
"2025-10-17 06:00:00 AM","45.2","84.8","45.1","40.9","point"
"2025-10-17 06:20:00 AM","44.9","85.6","44.8","40.9","point"
"2025-10-17 06:40:00 AM","44.9","85.8","44.8","40.9","point"
"2025-10-17 07:00:00 AM","44.6","87.9","44.6","41.2","point"
"2025-10-17 07:20:00 AM","44.2","89.7","44.2","41.3","point"
"2025-10-17 07:40:00 AM","44.3","90.7","44.4","41.7","point"
"2025-10-17 08:00:00 AM","45.1","89.0","45.3","42.1","point"
"2025-10-17 08:20:00 AM","46.7","85.6","46.6","42.6","point"
"2025-10-17 08:40:00 AM","49.6","72.6","48.7","41.2","point"
"2025-10-17 09:00:00 AM","51.2","65.2","50.0","39.9","point"
"2025-10-17 09:20:00 AM","52.5","61.9","51.1","39.8","point"
"2025-10-17 09:40:00 AM","53.6","57.0","51.8","38.8","point"
"2025-10-17 10:00:00 AM","54.7","53.6","52.5","38.2","point"
"2025-10-17 10:20:00 AM","55.8","52.7","53.6","38.8","point"
"2025-10-17 10:40:00 AM","56.6","51.7","54.1","39.1","point"
"2025-10-17 11:00:00 AM","57.8","51.0","55.2","39.8","point"
"2025-10-17 11:20:00 AM","58.7","47.9","55.8","39.0","point"
"2025-10-17 11:40:00 AM","60.7","46.8","57.4","40.2","point"
"2025-10-17 12:00:00 PM","61.1","44.8","57.6","39.4","point"
"2025-10-17 12:20:00 PM","61.6","43.5","58.1","39.2","point"
"2025-10-17 12:40:00 PM","64.4","42.0","60.4","40.8","point"
"2025-10-17 01:00:00 PM","64.1","42.3","60.1","40.7","point"
"2025-10-17 01:20:00 PM","64.4","42.7","60.3","41.2","point"
"2025-10-17 01:40:00 PM","64.5","41.7","60.4","40.7","point"
"2025-10-17 02:00:00 PM","66.4","41.4","63.0","42.2","point"
"2025-10-17 02:20:00 PM","66.7","39.2","63.1","41.1","point"
"2025-10-17 02:40:00 PM","67.2","40.3","63.9","42.2","point"
"2025-10-17 03:00:00 PM","68.1","40.1","65.1","42.9","point"
"2025-10-17 03:20:00 PM","68.8","39.5","66.2","43.1","point"
"2025-10-17 03:40:00 PM","68.8","39.0","66.2","42.8","point"
