Device Name,D2 - 2974347
Device Model,Kestrel DROP 2
Serial Number,2974347
FORMATTED DATE_TIME,Temperature,Relative Humidity,Heat Index,Dew Point,Data Type,Record name,Start time,Duration (H:M:S),Location description,Location address,Location coordinates,Notes
yyyy-MM-dd hh:mm:ss a,°F,%,°F,°F
2025-06-12 04:00:00 PM,83.7,61.5,88.3,69.0,point
2025-06-12 04:20:00 PM,86.4,59.3,93.2,70.5,point
2025-06-12 04:40:00 PM,85.9,61.0,92.7,70.8,point
2025-06-12 05:00:00 PM,86.1,62.1,93.4,71.6,point
2025-06-12 05:20:00 PM,86.8,60.0,94.1,71.2,point
2025-06-12 05:40:00 PM,87.0,59.4,94.3,71.1,point
2025-06-12 06:00:00 PM,87.2,59.2,94.5,71.3,point
2025-06-12 06:20:00 PM,86.5,62.6,94.3,72.2,point
2025-06-12 06:40:00 PM,85.9,63.5,93.6,72.1,point
2025-06-12 07:00:00 PM,85.2,65.5,92.8,72.3,point
2025-06-12 07:20:00 PM,84.7,66.9,92.1,72.5,point
2025-06-12 07:40:00 PM,84.1,68.5,91.4,72.6,point
2025-06-12 08:00:00 PM,83.3,63.4,88.2,69.6,point
2025-06-12 08:20:00 PM,80.0,71.3,83.7,69.9,point
2025-06-12 08:40:00 PM,78.3,77.5,81.9,70.7,point
2025-06-12 09:00:00 PM,77.9,80.4,81.7,71.4,point
2025-06-12 09:20:00 PM,77.9,82.6,81.7,72.1,point
2025-06-12 09:40:00 PM,75.7,87.5,78.6,71.7,point
2025-06-12 10:00:00 PM,74.9,89.4,77.7,71.5,point
2025-06-12 10:20:00 PM,74.5,90.8,77.5,71.7,point
2025-06-12 10:40:00 PM,74.4,91.8,77.4,71.9,point
2025-06-12 11:00:00 PM,74.3,92.6,77.5,72.0,point
2025-06-12 11:20:00 PM,74.1,92.1,76.8,71.7,point
2025-06-12 11:40:00 PM,74.1,92.2,76.8,71.7,point
2025-06-13 12:00:00 AM,74.3,91.7,77.2,71.7,point
2025-06-13 12:20:00 AM,74.4,91.2,77.2,71.7,point
2025-06-13 12:40:00 AM,74.3,91.5,77.2,71.7,point
2025-06-13 01:00:00 AM,74.2,91.4,77.2,71.6,point
2025-06-13 01:20:00 AM,74.2,91.4,77.2,71.5,point
2025-06-13 01:40:00 AM,74.1,91.8,76.8,71.6,point
2025-06-13 02:00:00 AM,74.0,92.2,76.8,71.6,point
2025-06-13 02:20:00 AM,73.7,92.7,76.5,71.5,point
2025-06-13 02:40:00 AM,73.3,93.9,76.1,71.5,point
2025-06-13 03:00:00 AM,73.2,94.5,75.9,71.5,point
2025-06-13 03:20:00 AM,73.1,94.7,75.9,71.5,point
2025-06-13 03:40:00 AM,72.9,94.9,75.6,71.4,point
2025-06-13 04:00:00 AM,72.9,95.0,75.6,71.4,point
2025-06-13 04:20:00 AM,72.7,94.9,75.4,71.1,point
2025-06-13 04:40:00 AM,72.6,95.2,75.2,71.1,point
2025-06-13 05:00:00 AM,72.6,94.9,75.2,71.0,point
2025-06-13 05:20:00 AM,72.6,94.9,75.2,71.1,point
2025-06-13 05:40:00 AM,72.6,94.8,75.2,71.0,point
2025-06-13 06:00:00 AM,72.5,94.9,75.2,71.0,point
2025-06-13 06:20:00 AM,72.8,94.9,75.4,71.2,point
2025-06-13 06:40:00 AM,73.0,94.3,75.6,71.3,point
2025-06-13 07:00:00 AM,73.4,94.0,76.5,71.6,point
2025-06-13 07:20:00 AM,73.8,93.8,76.8,72.0,point
2025-06-13 07:40:00 AM,74.3,93.6,77.5,72.4,point
2025-06-13 08:00:00 AM,75.3,92.5,78.6,73.0,point
2025-06-13 08:20:00 AM,76.4,89.8,79.7,73.2,point
2025-06-13 08:40:00 AM,77.0,87.8,80.6,73.1,point
2025-06-13 09:00:00 AM,77.4,87.3,81.9,73.3,point
2025-06-13 09:20:00 AM,78.8,84.8,84.6,73.8,point
2025-06-13 09:40:00 AM,78.6,85.0,83.7,73.7,point
2025-06-13 10:00:00 AM,79.1,84.0,84.6,73.8,point
2025-06-13 10:20:00 AM,80.7,81.4,87.4,74.5,point
2025-06-13 10:40:00 AM,81.2,79.2,88.0,74.2,point
2025-06-13 11:00:00 AM,81.4,79.2,88.5,74.4,point
2025-06-13 11:20:00 AM,81.9,78.2,89.2,74.4,point
2025-06-13 11:40:00 AM,82.0,77.2,88.9,74.2,point
2025-06-13 12:00:00 PM,85.5,71.6,95.9,75.3,point
2025-06-13 12:20:00 PM,86.1,68.8,96.1,74.7,point
2025-06-13 12:40:00 PM,84.2,70.8,92.1,73.6,point
2025-06-13 01:00:00 PM,87.4,66.6,98.1,74.9,point
2025-06-13 01:20:00 PM,88.0,64.5,98.8,74.5,point
2025-06-13 01:40:00 PM,86.9,64.7,96.4,73.6,point
2025-06-13 02:00:00 PM,88.7,65.0,101.1,75.4,point
2025-06-13 02:20:00 PM,83.0,72.3,90.0,73.2,point
2025-06-13 02:40:00 PM,81.9,73.7,88.0,72.7,point
2025-06-13 03:00:00 PM,80.5,76.3,85.8,72.4,point
2025-06-13 03:20:00 PM,79.2,80.8,84.4,72.8,point
2025-06-13 03:40:00 PM,77.6,84.1,81.5,72.4,point
2025-06-13 04:00:00 PM,75.5,86.9,78.3,71.3,point
2025-06-13 04:20:00 PM,74.7,91.5,77.9,72.1,point
2025-06-13 04:40:00 PM,74.4,93.5,77.5,72.4,point
2025-06-13 05:00:00 PM,75.8,93.3,79.5,73.7,point
2025-06-13 05:20:00 PM,76.6,92.6,80.6,74.3,point
2025-06-13 05:40:00 PM,76.2,91.3,79.7,73.5,point
2025-06-13 06:00:00 PM,76.5,92.3,80.4,74.1,point
2025-06-13 06:20:00 PM,76.3,89.7,79.7,73.1,point
2025-06-13 06:40:00 PM,75.7,91.2,79.0,73.0,point
2025-06-13 07:00:00 PM,75.6,91.9,79.2,73.1,point
2025-06-13 07:20:00 PM,75.8,92.4,79.3,73.5,point
2025-06-13 07:40:00 PM,75.7,92.5,79.2,73.4,point
2025-06-13 08:00:00 PM,75.7,93.0,79.2,73.5,point
2025-06-13 08:20:00 PM,75.3,92.3,78.6,72.9,point
2025-06-13 08:40:00 PM,74.8,92.0,77.9,72.3,point
2025-06-13 09:00:00 PM,74.3,92.0,77.2,71.8,point
2025-06-13 09:20:00 PM,73.8,92.4,76.6,71.4,point
2025-06-13 09:40:00 PM,73.3,93.8,76.1,71.4,point
2025-06-13 10:00:00 PM,73.2,94.0,76.1,71.4,point
2025-06-13 10:20:00 PM,73.5,93.9,76.5,71.6,point
2025-06-13 10:40:00 PM,73.7,93.9,76.6,71.9,point
2025-06-13 11:00:00 PM,74.1,93.9,77.2,72.2,point
2025-06-13 11:20:00 PM,74.4,93.5,77.5,72.3,point
2025-06-13 11:40:00 PM,74.4,93.1,77.5,72.3,point
2025-06-14 12:00:00 AM,74.4,92.9,77.5,72.2,point
2025-06-14 12:20:00 AM,74.5,92.9,77.7,72.3,point
2025-06-14 12:40:00 AM,74.6,92.9,77.7,72.4,point
2025-06-14 01:00:00 AM,74.7,93.0,77.9,72.5,point
2025-06-14 01:20:00 AM,74.7,93.0,77.9,72.6,point
2025-06-14 01:40:00 AM,74.5,93.5,77.7,72.5,point
2025-06-14 02:00:00 AM,74.6,93.7,77.7,72.6,point
2025-06-14 02:20:00 AM,74.7,93.2,77.9,72.6,point
2025-06-14 02:40:00 AM,74.6,92.9,77.7,72.4,point
2025-06-14 03:00:00 AM,74.6,92.5,77.7,72.2,point
2025-06-14 03:20:00 AM,74.5,92.4,77.5,72.1,point
2025-06-14 03:40:00 AM,74.4,92.1,77.4,71.9,point
2025-06-14 04:00:00 AM,74.2,92.0,77.2,71.7,point
2025-06-14 04:20:00 AM,74.2,91.7,77.2,71.7,point
2025-06-14 04:40:00 AM,74.2,91.2,77.0,71.5,point
2025-06-14 05:00:00 AM,74.0,91.3,76.8,71.3,point
2025-06-14 05:20:00 AM,73.9,91.3,76.6,71.2,point
2025-06-14 05:40:00 AM,73.7,91.5,76.5,71.1,point
2025-06-14 06:00:00 AM,73.7,91.7,76.5,71.1,point
2025-06-14 06:20:00 AM,73.7,91.7,76.5,71.2,point
2025-06-14 06:40:00 AM,73.9,91.5,76.6,71.3,point
2025-06-14 07:00:00 AM,74.3,91.0,77.0,71.5,point
2025-06-14 07:20:00 AM,74.3,91.3,77.4,71.6,point
2025-06-14 07:40:00 AM,74.3,91.0,77.0,71.5,point
2025-06-14 08:00:00 AM,74.7,90.3,77.7,71.7,point
2025-06-14 08:20:00 AM,75.6,88.8,78.8,72.0,point
2025-06-14 08:40:00 AM,76.0,87.8,79.2,72.1,point
2025-06-14 09:00:00 AM,75.8,87.7,78.8,71.9,point
2025-06-14 09:20:00 AM,76.1,87.9,79.2,72.2,point
2025-06-14 09:40:00 AM,77.0,86.3,80.8,72.6,point
2025-06-14 10:00:00 AM,77.0,85.7,80.2,72.3,point
2025-06-14 10:20:00 AM,77.7,84.5,82.0,72.7,point
2025-06-14 10:40:00 AM,79.3,82.0,84.6,73.3,point
2025-06-14 11:00:00 AM,80.1,79.3,86.0,73.1,point
2025-06-14 11:20:00 AM,81.8,76.4,88.3,73.6,point
2025-06-14 11:40:00 AM,83.4,72.8,91.0,73.7,point
2025-06-14 12:00:00 PM,83.9,69.8,91.4,73.0,point
2025-06-14 12:20:00 PM,84.6,71.0,93.6,74.1,point
2025-06-14 12:40:00 PM,86.4,65.2,95.5,73.3,point
2025-06-14 01:00:00 PM,87.7,64.8,98.1,74.4,point
2025-06-14 01:20:00 PM,88.6,63.6,99.9,74.7,point
2025-06-14 01:40:00 PM,89.9,60.1,101.3,74.2,point
2025-06-14 02:00:00 PM,89.1,60.5,99.7,73.6,point
2025-06-14 02:20:00 PM,91.1,57.6,103.1,74.0,point
2025-06-14 02:40:00 PM,90.7,57.6,102.4,73.6,point
2025-06-14 03:00:00 PM,89.8,59.0,100.8,73.6,point
2025-06-14 03:20:00 PM,91.5,56.1,103.3,73.7,point
2025-06-14 03:40:00 PM,91.2,55.0,102.2,72.8,point
2025-06-14 04:00:00 PM,90.4,55.4,100.2,72.2,point
2025-06-14 04:20:00 PM,89.5,57.5,99.1,72.5,point
2025-06-14 04:40:00 PM,88.4,60.5,97.9,73.0,point
2025-06-14 05:00:00 PM,88.9,60.4,99.1,73.4,point
2025-06-14 05:20:00 PM,88.2,59.8,97.0,72.4,point
2025-06-14 05:40:00 PM,87.7,62.3,97.0,73.2,point
2025-06-14 06:00:00 PM,87.4,61.6,95.9,72.6,point
2025-06-14 06:20:00 PM,86.9,63.0,95.4,72.8,point
2025-06-14 06:40:00 PM,86.6,64.3,95.5,73.1,point
2025-06-14 07:00:00 PM,86.6,65.7,96.3,73.8,point
2025-06-14 07:20:00 PM,85.5,67.3,94.3,73.4,point
2025-06-14 07:40:00 PM,84.8,68.8,93.2,73.4,point
2025-06-14 08:00:00 PM,83.9,71.6,91.9,73.8,point
2025-06-14 08:20:00 PM,83.0,72.5,90.1,73.3,point
2025-06-14 08:40:00 PM,82.2,74.0,88.3,73.1,point
2025-06-14 09:00:00 PM,81.2,75.7,87.1,72.8,point
2025-06-14 09:20:00 PM,80.4,77.8,86.2,72.9,point
2025-06-14 09:40:00 PM,79.6,79.8,84.9,72.8,point
2025-06-14 10:00:00 PM,78.9,81.6,83.7,72.7,point
2025-06-14 10:20:00 PM,78.3,82.5,82.8,72.5,point
2025-06-14 10:40:00 PM,78.0,83.3,82.2,72.6,point
2025-06-14 11:00:00 PM,77.7,84.2,82.0,72.6,point
2025-06-14 11:20:00 PM,78.0,84.6,82.4,73.0,point
2025-06-14 11:40:00 PM,77.7,86.3,82.4,73.3,point
2025-06-15 12:00:00 AM,77.6,88.0,82.2,73.7,point
2025-06-15 12:20:00 AM,77.2,89.1,81.7,73.8,point
2025-06-15 12:40:00 AM,77.2,89.4,81.7,73.8,point
2025-06-15 01:00:00 AM,76.9,90.0,81.0,73.7,point
2025-06-15 01:20:00 AM,76.7,90.8,80.6,73.8,point
2025-06-15 01:40:00 AM,76.8,91.1,80.6,74.0,point
2025-06-15 02:00:00 AM,76.7,91.4,80.8,74.0,point
2025-06-15 02:20:00 AM,76.6,91.6,80.4,74.0,point
2025-06-15 02:40:00 AM,76.7,91.6,80.8,74.1,point
2025-06-15 03:00:00 AM,77.0,90.9,81.5,74.1,point
2025-06-15 03:20:00 AM,77.1,90.7,81.5,74.2,point
2025-06-15 03:40:00 AM,77.0,90.6,81.0,74.0,point
2025-06-15 04:00:00 AM,76.8,90.9,80.6,73.9,point
2025-06-15 04:20:00 AM,76.7,91.0,80.6,73.9,point
2025-06-15 04:40:00 AM,76.7,91.1,80.6,73.9,point
2025-06-15 05:00:00 AM,76.6,90.8,80.6,73.8,point
2025-06-15 05:20:00 AM,76.4,91.2,79.9,73.6,point
2025-06-15 05:40:00 AM,76.4,91.3,79.9,73.6,point
2025-06-15 06:00:00 AM,76.4,91.1,79.9,73.6,point
2025-06-15 06:20:00 AM,76.4,91.0,79.9,73.5,point
2025-06-15 06:40:00 AM,76.4,90.8,79.9,73.5,point
2025-06-15 07:00:00 AM,76.5,90.4,80.2,73.5,point
2025-06-15 07:20:00 AM,76.7,90.0,80.4,73.5,point
2025-06-15 07:40:00 AM,77.0,89.2,81.1,73.6,point
2025-06-15 08:00:00 AM,77.8,88.0,82.6,74.0,point
2025-06-15 08:20:00 AM,78.2,85.0,82.9,73.3,point
2025-06-15 08:40:00 AM,78.6,83.8,83.5,73.3,point
2025-06-15 09:00:00 AM,79.8,82.3,85.8,73.9,point
2025-06-15 09:20:00 AM,80.2,79.6,86.0,73.3,point
2025-06-15 09:40:00 AM,80.2,80.0,86.0,73.5,point
2025-06-15 10:00:00 AM,81.6,77.2,88.2,73.7,point
2025-06-15 10:20:00 AM,81.6,77.3,88.2,73.7,point
2025-06-15 10:40:00 AM,81.3,76.1,87.1,73.0,point
2025-06-15 11:00:00 AM,82.5,74.2,89.1,73.5,point
2025-06-15 11:20:00 AM,83.4,71.1,90.5,73.0,point
2025-06-15 11:40:00 AM,84.9,68.1,93.4,73.2,point
2025-06-15 12:00:00 PM,87.2,65.6,97.2,74.3,point
2025-06-15 12:20:00 PM,87.4,62.5,96.3,73.0,point
2025-06-15 12:40:00 PM,88.5,60.0,97.9,72.9,point
2025-06-15 01:00:00 PM,88.6,59.1,97.7,72.5,point
2025-06-15 01:20:00 PM,90.1,55.8,99.7,72.1,point
2025-06-15 01:40:00 PM,90.2,59.0,101.7,74.0,point
2025-06-15 02:00:00 PM,91.5,53.3,101.7,72.2,point
2025-06-15 02:20:00 PM,91.8,54.2,103.1,72.8,point
2025-06-15 02:40:00 PM,91.2,54.7,101.7,72.6,point
2025-06-15 03:00:00 PM,91.1,53.5,100.9,71.9,point
2025-06-15 03:20:00 PM,89.3,55.0,97.5,71.0,point
2025-06-15 03:40:00 PM,87.6,60.2,95.5,72.1,point
2025-06-15 04:00:00 PM,80.8,82.2,88.0,74.8,point
2025-06-15 04:20:00 PM,77.0,87.8,80.6,73.1,point
2025-06-15 04:40:00 PM,78.9,92.1,86.0,76.4,point
2025-06-15 05:00:00 PM,79.3,91.9,86.7,76.7,point
2025-06-15 05:20:00 PM,78.8,91.7,85.8,76.2,point
2025-06-15 05:40:00 PM,78.2,92.5,84.2,75.8,point
2025-06-15 06:00:00 PM,78.7,91.9,85.5,76.1,point
2025-06-15 06:20:00 PM,78.9,90.5,85.6,75.8,point
2025-06-15 06:40:00 PM,78.2,88.7,83.7,74.6,point
2025-06-15 07:00:00 PM,78.0,90.0,83.3,74.8,point
2025-06-15 07:20:00 PM,78.2,91.3,84.2,75.5,point
2025-06-15 07:40:00 PM,77.9,91.4,83.7,75.2,point
2025-06-15 08:00:00 PM,77.5,91.2,82.2,74.7,point
2025-06-15 08:20:00 PM,77.2,91.0,81.5,74.3,point
2025-06-15 08:40:00 PM,76.5,92.0,80.4,74.0,point
2025-06-15 09:00:00 PM,76.0,92.6,79.7,73.7,point
2025-06-15 09:20:00 PM,75.8,93.0,79.5,73.7,point
2025-06-15 09:40:00 PM,75.9,93.1,79.7,73.8,point
2025-06-15 10:00:00 PM,76.1,93.8,80.1,74.2,point
2025-06-15 10:20:00 PM,75.9,93.6,79.7,74.0,point
2025-06-15 10:40:00 PM,75.8,93.9,79.7,74.0,point
2025-06-15 11:00:00 PM,75.5,93.9,79.2,73.6,point
2025-06-15 11:20:00 PM,75.3,93.9,79.0,73.4,point
2025-06-15 11:40:00 PM,75.0,94.1,78.4,73.2,point
2025-06-16 12:00:00 AM,74.8,94.8,78.1,73.2,point
2025-06-16 12:20:00 AM,75.1,94.1,78.6,73.2,point
2025-06-16 12:40:00 AM,75.3,93.5,78.8,73.3,point
2025-06-16 01:00:00 AM,75.2,93.2,78.4,73.1,point
2025-06-16 01:20:00 AM,75.7,92.5,79.2,73.4,point
2025-06-16 01:40:00 AM,76.1,91.4,79.9,73.4,point
2025-06-16 02:00:00 AM,75.5,92.8,79.0,73.2,point
2025-06-16 02:20:00 AM,74.4,94.8,77.7,72.8,point
2025-06-16 02:40:00 AM,74.0,95.9,77.2,72.7,point
2025-06-16 03:00:00 AM,74.0,96.5,77.4,73.0,point
2025-06-16 03:20:00 AM,73.7,96.7,76.8,72.7,point
2025-06-16 03:40:00 AM,73.6,96.8,76.8,72.6,point
2025-06-16 04:00:00 AM,73.2,96.8,76.3,72.2,point
2025-06-16 04:20:00 AM,73.1,97.0,76.1,72.2,point
2025-06-16 04:40:00 AM,73.1,97.1,76.1,72.2,point
2025-06-16 05:00:00 AM,72.9,97.2,75.7,72.1,point
2025-06-16 05:20:00 AM,73.0,97.4,75.7,72.2,point
2025-06-16 05:40:00 AM,73.0,97.5,75.9,72.3,point
2025-06-16 06:00:00 AM,73.1,97.6,76.3,72.3,point
2025-06-16 06:20:00 AM,73.2,97.7,76.3,72.5,point
2025-06-16 06:40:00 AM,73.4,97.7,76.5,72.7,point
2025-06-16 07:00:00 AM,73.8,97.8,77.2,73.2,point
2025-06-16 07:20:00 AM,74.2,97.8,77.7,73.5,point
2025-06-16 07:40:00 AM,74.8,97.8,78.6,74.1,point
2025-06-16 08:00:00 AM,75.1,97.6,79.2,74.4,point
2025-06-16 08:20:00 AM,75.9,97.0,80.2,75.0,point
2025-06-16 08:40:00 AM,76.6,95.7,81.0,75.3,point
2025-06-16 09:00:00 AM,77.2,94.1,82.4,75.3,point
2025-06-16 09:20:00 AM,78.0,92.4,83.8,75.7,point
2025-06-16 09:40:00 AM,78.5,91.5,84.9,75.8,point
2025-06-16 10:00:00 AM,79.5,89.8,87.1,76.3,point
2025-06-16 10:20:00 AM,80.4,86.5,88.0,76.0,point
2025-06-16 10:40:00 AM,81.8,82.4,90.0,75.9,point
2025-06-16 11:00:00 AM,81.9,82.9,90.5,76.2,point
2025-06-16 11:20:00 AM,82.7,88.6,94.1,79.0,point
2025-06-16 11:40:00 AM,84.4,84.2,98.2,79.1,point
2025-06-16 12:00:00 PM,86.1,83.3,102.6,80.4,point
2025-06-16 12:20:00 PM,87.6,78.8,104.4,80.2,point
2025-06-16 12:40:00 PM,89.0,80.1,109.9,82.0,point
2025-06-16 01:00:00 PM,89.8,70.0,106.9,78.7,point
2025-06-16 01:20:00 PM,90.4,67.4,107.1,78.2,point
2025-06-16 01:40:00 PM,90.6,63.3,105.1,76.4,point
2025-06-16 02:00:00 PM,91.0,63.3,106.0,76.8,point
2025-06-16 02:20:00 PM,91.3,65.4,108.5,78.1,point
2025-06-16 02:40:00 PM,92.0,66.4,111.0,79.1,point
2025-06-16 03:00:00 PM,92.0,60.9,107.4,76.6,point
2025-06-16 03:20:00 PM,91.2,64.2,107.6,77.4,point
2025-06-16 03:40:00 PM,91.3,65.9,108.7,78.3,point
2025-06-16 04:00:00 PM,92.1,66.0,111.4,79.1,point
2025-06-16 04:20:00 PM,92.8,64.5,111.9,79.1,point
2025-06-16 04:40:00 PM,92.7,60.7,109.0,77.1,point
2025-06-16 05:00:00 PM,91.6,61.5,106.7,76.5,point
2025-06-16 05:20:00 PM,89.9,66.3,104.7,77.1,point
2025-06-16 05:40:00 PM,88.7,70.1,103.1,77.6,point
2025-06-16 06:00:00 PM,88.2,72.5,103.3,78.3,point
2025-06-16 06:20:00 PM,87.9,71.6,101.7,77.6,point
2025-06-16 06:40:00 PM,87.6,71.9,101.5,77.4,point
2025-06-16 07:00:00 PM,87.4,72.0,100.8,77.2,point
2025-06-16 07:20:00 PM,86.8,72.2,99.3,76.8,point
2025-06-16 07:40:00 PM,86.2,72.8,98.2,76.4,point
2025-06-16 08:00:00 PM,85.5,73.9,97.0,76.2,point
2025-06-16 08:20:00 PM,84.8,73.6,94.8,75.4,point
2025-06-16 08:40:00 PM,84.1,73.9,93.2,74.8,point
2025-06-16 09:00:00 PM,83.5,73.6,91.6,74.2,point
2025-06-16 09:20:00 PM,82.9,73.4,89.8,73.5,point
2025-06-16 09:40:00 PM,82.2,74.2,88.7,73.2,point
2025-06-16 10:00:00 PM,81.6,75.2,87.6,73.0,point
2025-06-16 10:20:00 PM,80.9,76.5,86.5,72.8,point
2025-06-16 10:40:00 PM,80.3,78.2,86.0,72.9,point
2025-06-16 11:00:00 PM,79.7,79.6,85.3,72.8,point
2025-06-16 11:20:00 PM,79.2,80.5,84.2,72.6,point
2025-06-16 11:40:00 PM,78.6,81.0,82.9,72.3,point
2025-06-17 12:00:00 AM,78.1,81.5,82.2,72.0,point
2025-06-17 12:20:00 AM,77.6,81.7,81.1,71.6,point
2025-06-17 12:40:00 AM,77.1,82.0,80.2,71.2,point
2025-06-17 01:00:00 AM,76.7,82.4,79.5,70.9,point
2025-06-17 01:20:00 AM,76.4,82.8,78.8,70.8,point
2025-06-17 01:40:00 AM,76.1,83.3,78.6,70.6,point
2025-06-17 02:00:00 AM,75.8,83.8,78.4,70.6,point
2025-06-17 02:20:00 AM,75.6,84.2,78.1,70.5,point
2025-06-17 02:40:00 AM,75.4,85.4,78.1,70.7,point
2025-06-17 03:00:00 AM,75.3,86.3,78.1,71.0,point
2025-06-17 03:20:00 AM,75.3,87.1,78.1,71.2,point
2025-06-17 03:40:00 AM,75.3,87.6,78.1,71.4,point
2025-06-17 04:00:00 AM,75.2,87.7,77.9,71.3,point
2025-06-17 04:20:00 AM,75.0,87.5,77.7,71.0,point
2025-06-17 04:40:00 AM,74.9,87.6,77.7,70.9,point
2025-06-17 05:00:00 AM,74.7,87.3,77.4,70.7,point
2025-06-17 05:20:00 AM,74.6,87.1,77.0,70.5,point
2025-06-17 05:40:00 AM,74.4,87.1,76.8,70.3,point
2025-06-17 06:00:00 AM,74.3,87.0,76.6,70.2,point
2025-06-17 06:20:00 AM,74.2,87.6,76.6,70.2,point
2025-06-17 06:40:00 AM,74.2,88.6,76.6,70.6,point
2025-06-17 07:00:00 AM,74.2,89.2,76.8,70.8,point
2025-06-17 07:20:00 AM,74.3,89.2,76.8,70.9,point
2025-06-17 07:40:00 AM,74.4,89.4,77.0,71.1,point
2025-06-17 08:00:00 AM,74.7,89.7,77.5,71.4,point
2025-06-17 08:20:00 AM,74.9,90.4,77.9,71.9,point
2025-06-17 08:40:00 AM,75.4,91.1,78.6,72.6,point
2025-06-17 09:00:00 AM,75.7,91.3,79.0,72.9,point
2025-06-17 09:20:00 AM,76.1,91.8,79.5,73.5,point
2025-06-17 09:40:00 AM,76.7,92.9,81.0,74.5,point
2025-06-17 10:00:00 AM,77.9,94.5,84.2,76.2,point
2025-06-17 10:20:00 AM,79.3,93.2,87.1,77.2,point
2025-06-17 10:40:00 AM,80.8,92.8,90.9,78.5,point
2025-06-17 11:00:00 AM,82.5,86.8,93.0,78.2,point
2025-06-17 11:20:00 AM,84.4,88.8,100.0,80.7,point
2025-06-17 11:40:00 AM,86.3,79.8,101.3,79.3,point
2025-06-17 12:00:00 PM,87.9,82.5,107.6,81.9,point
2025-06-17 12:20:00 PM,90.1,75.3,110.5,81.2,point
2025-06-17 12:40:00 PM,91.9,71.9,114.3,81.5,point
2025-06-17 01:00:00 PM,93.4,67.0,115.7,80.8,point
2025-06-17 01:20:00 PM,94.2,62.2,114.1,79.3,point
2025-06-17 01:40:00 PM,94.9,64.7,118.6,81.1,point
2025-06-17 02:00:00 PM,96.2,63.3,121.5,81.7,point
2025-06-17 02:20:00 PM,97.5,56.5,120.0,79.5,point
2025-06-17 02:40:00 PM,98.9,54.2,121.6,79.4,point
2025-06-17 03:00:00 PM,99.9,51.4,122.0,78.7,point
2025-06-17 03:20:00 PM,100.1,49.9,120.9,78.0,point
2025-06-17 03:40:00 PM,100.0,52.8,123.3,79.7,point
2025-06-17 04:00:00 PM,100.4,51.8,124.0,79.4,point
2025-06-17 04:20:00 PM,100.5,50.1,122.2,78.5,point
2025-06-17 04:40:00 PM,99.9,50.8,121.5,78.4,point
2025-06-17 05:00:00 PM,99.3,52.7,121.1,78.9,point
2025-06-17 05:20:00 PM,98.9,53.2,120.6,78.9,point
2025-06-17 05:40:00 PM,98.8,51.9,118.9,78.0,point
2025-06-17 06:00:00 PM,98.5,51.5,118.0,77.5,point
2025-06-17 06:20:00 PM,97.8,50.8,115.7,76.5,point
2025-06-17 06:40:00 PM,97.1,52.2,115.0,76.6,point
2025-06-17 07:00:00 PM,96.5,52.5,113.7,76.3,point
2025-06-17 07:20:00 PM,95.8,53.5,112.5,76.1,point
2025-06-17 07:40:00 PM,94.8,55.1,110.7,76.1,point
2025-06-17 08:00:00 PM,93.7,57.0,109.6,76.2,point
2025-06-17 08:20:00 PM,92.8,58.5,107.8,76.0,point
2025-06-17 08:40:00 PM,91.8,59.8,106.2,75.8,point
2025-06-17 09:00:00 PM,90.9,61.1,104.7,75.6,point
2025-06-17 09:20:00 PM,90.0,62.4,103.1,75.4,point
2025-06-17 09:40:00 PM,89.2,63.7,101.3,75.2,point
2025-06-17 10:00:00 PM,88.4,64.8,99.9,75.0,point
2025-06-17 10:20:00 PM,87.7,66.0,98.6,74.9,point
2025-06-17 10:40:00 PM,87.1,67.3,98.1,74.9,point
2025-06-17 11:00:00 PM,86.5,68.3,96.8,74.8,point
2025-06-17 11:20:00 PM,85.9,69.6,96.1,74.8,point
2025-06-17 11:40:00 PM,85.3,70.5,95.0,74.6,point
2025-06-18 12:00:00 AM,84.9,71.5,94.1,74.6,point
2025-06-18 12:20:00 AM,84.5,72.3,93.6,74.6,point
2025-06-18 12:40:00 AM,84.1,72.7,92.8,74.4,point
2025-06-18 01:00:00 AM,83.8,73.4,92.1,74.3,point
2025-06-18 01:20:00 AM,83.5,73.7,91.6,74.2,point
2025-06-18 01:40:00 AM,83.2,74.0,90.9,74.1,point
2025-06-18 02:00:00 AM,82.8,73.6,89.8,73.5,point
2025-06-18 02:20:00 AM,82.3,74.2,88.7,73.3,point
2025-06-18 02:40:00 AM,82.0,75.4,88.3,73.4,point
2025-06-18 03:00:00 AM,81.6,76.9,88.2,73.7,point
2025-06-18 03:20:00 AM,81.4,77.5,88.0,73.6,point
2025-06-18 03:40:00 AM,81.1,77.5,87.3,73.3,point
2025-06-18 04:00:00 AM,80.8,77.7,86.9,73.2,point
2025-06-18 04:20:00 AM,80.4,77.8,85.8,72.9,point
2025-06-18 04:40:00 AM,80.1,77.9,85.5,72.6,point
2025-06-18 05:00:00 AM,79.8,78.1,84.9,72.3,point
2025-06-18 05:20:00 AM,79.4,78.3,84.2,72.0,point
2025-06-18 05:40:00 AM,79.1,78.7,83.7,71.9,point
2025-06-18 06:00:00 AM,78.8,79.2,83.3,71.8,point
2025-06-18 06:20:00 AM,78.4,79.6,82.4,71.6,point
2025-06-18 06:40:00 AM,78.2,80.0,82.0,71.5,point
2025-06-18 07:00:00 AM,78.1,80.6,82.2,71.6,point
2025-06-18 07:20:00 AM,78.1,80.6,82.2,71.6,point
2025-06-18 07:40:00 AM,78.2,80.3,82.0,71.6,point
2025-06-18 08:00:00 AM,78.2,79.8,82.0,71.4,point
2025-06-18 08:20:00 AM,78.2,79.3,82.0,71.3,point
2025-06-18 08:40:00 AM,78.2,78.9,81.9,71.1,point
2025-06-18 09:00:00 AM,78.4,78.6,82.2,71.2,point
2025-06-18 09:20:00 AM,78.5,78.5,82.4,71.3,point
2025-06-18 09:40:00 AM,79.2,77.6,83.7,71.5,point
2025-06-18 10:00:00 AM,80.5,75.3,85.6,71.9,point
2025-06-18 10:20:00 AM,82.3,71.4,88.0,72.1,point
2025-06-18 10:40:00 AM,84.3,67.1,91.4,72.2,point
2025-06-18 11:00:00 AM,85.7,63.3,93.0,71.8,point
2025-06-18 11:20:00 AM,87.4,62.0,96.1,72.8,point
2025-06-18 11:40:00 AM,88.9,58.3,98.2,72.3,point
2025-06-18 12:00:00 PM,90.3,56.5,100.4,72.7,point
2025-06-18 12:20:00 PM,91.6,56.3,103.8,73.9,point
2025-06-18 12:40:00 PM,93.0,52.8,105.3,73.3,point
2025-06-18 01:00:00 PM,94.4,50.9,106.9,73.4,point
2025-06-18 01:20:00 PM,95.7,49.1,108.9,73.5,point
2025-06-18 01:40:00 PM,96.9,48.8,111.7,74.4,point
2025-06-18 02:00:00 PM,98.0,46.4,112.3,73.9,point
2025-06-18 02:20:00 PM,99.0,45.6,114.3,74.3,point
2025-06-18 02:40:00 PM,99.5,46.5,116.2,75.4,point
2025-06-18 03:00:00 PM,100.2,45.8,117.0,75.5,point
2025-06-18 03:20:00 PM,100.7,45.0,117.7,75.4,point
2025-06-18 03:40:00 PM,101.1,43.7,117.5,74.9,point
2025-06-18 04:00:00 PM,101.2,43.0,117.3,74.5,point
2025-06-18 04:20:00 PM,101.3,42.3,117.3,74.2,point
2025-06-18 04:40:00 PM,101.3,42.2,117.1,74.1,point
2025-06-18 05:00:00 PM,101.1,41.3,115.9,73.3,point
2025-06-18 05:20:00 PM,100.7,41.3,114.6,73.0,point
2025-06-18 05:40:00 PM,100.3,42.7,115.0,73.5,point
2025-06-18 06:00:00 PM,100.2,43.5,115.5,74.0,point
2025-06-18 06:20:00 PM,99.8,43.0,113.7,73.3,point
2025-06-18 06:40:00 PM,99.2,44.2,113.4,73.5,point
2025-06-18 07:00:00 PM,98.6,43.8,111.9,72.8,point
2025-06-18 07:20:00 PM,97.6,44.7,110.1,72.4,point
2025-06-18 07:40:00 PM,96.4,45.3,107.8,71.8,point
2025-06-18 08:00:00 PM,95.2,46.8,106.3,71.7,point
2025-06-18 08:20:00 PM,94.1,48.6,104.9,71.8,point
2025-06-18 08:40:00 PM,93.0,50.2,103.3,71.7,point
2025-06-18 09:00:00 PM,92.0,51.9,102.2,71.8,point
2025-06-18 09:20:00 PM,91.2,53.0,100.8,71.7,point
2025-06-18 09:40:00 PM,90.4,54.3,99.9,71.7,point
2025-06-18 10:00:00 PM,89.7,55.5,98.8,71.7,point
2025-06-18 10:20:00 PM,88.9,56.7,97.5,71.6,point
2025-06-18 10:40:00 PM,88.3,57.5,96.1,71.4,point
2025-06-18 11:00:00 PM,87.7,58.5,95.4,71.3,point
2025-06-18 11:20:00 PM,87.1,59.4,94.6,71.2,point
2025-06-18 11:40:00 PM,86.5,60.3,93.4,71.2,point
2025-06-19 12:00:00 AM,86.1,61.1,93.0,71.1,point
2025-06-19 12:20:00 AM,85.5,62.0,92.3,71.0,point
2025-06-19 12:40:00 AM,85.0,62.9,91.4,70.9,point
2025-06-19 01:00:00 AM,84.6,63.6,91.0,70.9,point
2025-06-19 01:20:00 AM,84.1,64.5,90.1,70.8,point
2025-06-19 01:40:00 AM,83.7,65.1,89.4,70.7,point
2025-06-19 02:00:00 AM,83.2,66.0,88.5,70.7,point
2025-06-19 02:20:00 AM,82.8,66.9,87.8,70.6,point
2025-06-19 02:40:00 AM,82.2,67.4,86.9,70.4,point
2025-06-19 03:00:00 AM,81.8,67.7,86.0,70.0,point
2025-06-19 03:20:00 AM,81.4,68.5,85.6,70.0,point
2025-06-19 03:40:00 AM,80.9,68.8,84.7,69.7,point
2025-06-19 04:00:00 AM,80.4,69.7,84.4,69.6,point
2025-06-19 04:20:00 AM,80.1,70.5,83.8,69.6,point
2025-06-19 04:40:00 AM,79.7,71.4,83.5,69.6,point
2025-06-19 05:00:00 AM,79.4,72.2,82.9,69.6,point
2025-06-19 05:20:00 AM,79.1,73.1,82.4,69.7,point
2025-06-19 05:40:00 AM,78.8,73.7,82.2,69.7,point
2025-06-19 06:00:00 AM,78.5,74.0,81.7,69.5,point
2025-06-19 06:20:00 AM,78.2,75.4,81.1,69.8,point
2025-06-19 06:40:00 AM,78.1,75.7,81.3,69.8,point
2025-06-19 07:00:00 AM,78.0,76.4,81.0,69.9,point
2025-06-19 07:20:00 AM,78.1,76.9,81.5,70.2,point
2025-06-19 07:40:00 AM,78.2,77.4,81.5,70.6,point
2025-06-19 08:00:00 AM,78.3,77.7,81.9,70.8,point
2025-06-19 08:20:00 AM,78.5,77.7,82.2,71.0,point
2025-06-19 08:40:00 AM,78.8,77.7,82.9,71.3,point
2025-06-19 09:00:00 AM,79.2,78.0,83.8,71.7,point
2025-06-19 09:20:00 AM,79.6,77.9,84.4,72.1,point
2025-06-19 09:40:00 AM,80.2,77.9,85.5,72.6,point
2025-06-19 10:00:00 AM,80.9,76.7,86.5,72.9,point
2025-06-19 10:20:00 AM,81.6,75.5,87.6,73.1,point
2025-06-19 10:40:00 AM,82.4,74.3,88.7,73.3,point
2025-06-19 11:00:00 AM,83.4,72.0,90.9,73.4,point
2025-06-19 11:20:00 AM,84.8,68.6,93.0,73.3,point
2025-06-19 11:40:00 AM,86.3,66.2,95.5,73.7,point
2025-06-19 12:00:00 PM,87.7,61.8,96.6,72.9,point
2025-06-19 12:20:00 PM,89.0,60.0,99.0,73.3,point
2025-06-19 12:40:00 PM,90.3,58.1,101.7,73.6,point
2025-06-19 01:00:00 PM,91.5,55.5,103.1,73.3,point
2025-06-19 01:20:00 PM,92.7,53.7,104.9,73.5,point
2025-06-19 01:40:00 PM,93.6,51.4,105.4,72.9,point
2025-06-19 02:00:00 PM,94.4,49.5,106.0,72.6,point
2025-06-19 02:20:00 PM,95.4,49.1,108.5,73.2,point
2025-06-19 02:40:00 PM,96.0,48.1,108.9,73.1,point
2025-06-19 03:00:00 PM,96.7,47.5,110.3,73.5,point
2025-06-19 03:20:00 PM,97.4,46.9,111.4,73.7,point
2025-06-19 03:40:00 PM,98.0,45.4,111.4,73.3,point
2025-06-19 04:00:00 PM,98.5,45.3,112.6,73.7,point
2025-06-19 04:20:00 PM,98.7,43.7,111.9,72.8,point
2025-06-19 04:40:00 PM,98.8,42.3,110.8,71.9,point
2025-06-19 05:00:00 PM,98.7,41.2,109.9,71.0,point
2025-06-19 05:20:00 PM,98.7,41.4,110.1,71.1,point
2025-06-19 05:40:00 PM,98.5,41.4,109.8,71.0,point
2025-06-19 06:00:00 PM,97.9,42.0,109.0,70.8,point
2025-06-19 06:20:00 PM,97.4,43.0,108.7,71.1,point
2025-06-19 06:40:00 PM,97.1,42.8,107.6,70.6,point
2025-06-19 07:00:00 PM,96.5,43.0,106.7,70.4,point
2025-06-19 07:20:00 PM,95.8,43.8,105.6,70.2,point
2025-06-19 07:40:00 PM,94.9,44.7,104.0,70.1,point
2025-06-19 08:00:00 PM,94.0,45.0,102.2,69.4,point
2025-06-19 08:20:00 PM,92.7,46.3,100.6,69.0,point
2025-06-19 08:40:00 PM,90.7,48.2,97.5,68.5,point
2025-06-19 09:00:00 PM,88.3,53.4,94.5,69.2,point
2025-06-19 09:20:00 PM,84.9,61.4,90.5,70.1,point
2025-06-19 09:40:00 PM,82.5,66.9,87.1,70.3,point
2025-06-19 10:00:00 PM,81.2,70.0,85.6,70.4,point
2025-06-19 10:20:00 PM,80.3,71.9,84.6,70.4,point
2025-06-19 10:40:00 PM,79.6,73.0,83.3,70.2,point
2025-06-19 11:00:00 PM,79.0,73.9,82.6,69.9,point
2025-06-19 11:20:00 PM,78.3,74.7,81.3,69.6,point
2025-06-19 11:40:00 PM,77.8,75.7,80.6,69.5,point
2025-06-20 12:00:00 AM,77.3,76.0,79.5,69.2,point
2025-06-20 12:20:00 AM,77.0,77.5,79.0,69.4,point
2025-06-20 12:40:00 AM,76.6,78.0,78.6,69.2,point
2025-06-20 01:00:00 AM,76.2,78.8,78.1,69.2,point
2025-06-20 01:20:00 AM,76.1,80.2,78.3,69.5,point
2025-06-20 01:40:00 AM,75.9,80.5,78.3,69.5,point
2025-06-20 02:00:00 AM,75.8,80.2,77.9,69.3,point
2025-06-20 02:20:00 AM,75.6,79.7,77.7,68.8,point
2025-06-20 02:40:00 AM,75.3,79.9,77.2,68.6,point
2025-06-20 03:00:00 AM,75.0,79.9,76.8,68.4,point
2025-06-20 03:20:00 AM,74.7,79.9,76.6,68.0,point
2025-06-20 03:40:00 AM,74.4,79.8,76.1,67.7,point
2025-06-20 04:00:00 AM,74.0,79.8,75.7,67.4,point
2025-06-20 04:20:00 AM,73.7,80.5,75.4,67.3,point
2025-06-20 04:40:00 AM,73.4,81.7,75.2,67.5,point
2025-06-20 05:00:00 AM,73.2,81.5,75.0,67.2,point
2025-06-20 05:20:00 AM,72.9,81.8,74.5,67.0,point
2025-06-20 05:40:00 AM,72.6,81.4,74.1,66.6,point
2025-06-20 06:00:00 AM,72.2,81.6,73.6,66.3,point
2025-06-20 06:20:00 AM,71.9,82.0,73.2,66.1,point
2025-06-20 06:40:00 AM,71.6,82.3,72.9,65.9,point
2025-06-20 07:00:00 AM,71.3,82.5,72.5,65.7,point
2025-06-20 07:20:00 AM,71.1,82.9,72.5,65.7,point
2025-06-20 07:40:00 AM,71.0,83.3,72.3,65.6,point
2025-06-20 08:00:00 AM,70.9,83.8,72.3,65.8,point
2025-06-20 08:20:00 AM,71.0,84.0,72.3,65.9,point
2025-06-20 08:40:00 AM,71.1,84.5,72.5,66.1,point
2025-06-20 09:00:00 AM,71.3,84.7,72.7,66.4,point
2025-06-20 09:20:00 AM,71.5,84.9,73.0,66.7,point
2025-06-20 09:40:00 AM,71.7,85.6,73.2,67.2,point
2025-06-20 10:00:00 AM,72.2,86.5,74.1,67.9,point
2025-06-20 10:20:00 AM,72.7,86.7,74.8,68.5,point
2025-06-20 10:40:00 AM,73.3,87.3,75.6,69.3,point
2025-06-20 11:00:00 AM,74.2,86.5,76.6,69.9,point
2025-06-20 11:20:00 AM,75.6,83.4,78.1,70.2,point
2025-06-20 11:40:00 AM,77.2,81.5,80.1,71.1,point
2025-06-20 12:00:00 PM,78.8,76.8,82.9,70.9,point
2025-06-20 12:20:00 PM,80.5,71.7,84.7,70.5,point
2025-06-20 12:40:00 PM,82.0,70.4,87.1,71.4,point
2025-06-20 01:00:00 PM,83.5,65.8,89.2,70.9,point
2025-06-20 01:20:00 PM,84.8,63.5,91.4,71.1,point
2025-06-20 01:40:00 PM,86.1,60.0,92.7,70.6,point
2025-06-20 02:00:00 PM,87.2,55.1,93.0,69.1,point
2025-06-20 02:20:00 PM,88.3,53.9,94.6,69.5,point
2025-06-20 02:40:00 PM,89.5,53.7,97.3,70.4,point
2025-06-20 03:00:00 PM,90.5,50.3,97.9,69.5,point
2025-06-20 03:20:00 PM,91.3,49.6,99.5,69.8,point
2025-06-20 03:40:00 PM,92.0,47.9,100.0,69.4,point
2025-06-20 04:00:00 PM,92.7,45.8,100.2,68.7,point
2025-06-20 04:20:00 PM,93.3,46.2,101.5,69.5,point
2025-06-20 04:40:00 PM,93.8,46.0,102.6,69.9,point
2025-06-20 05:00:00 PM,94.2,44.9,102.6,69.5,point
2025-06-20 05:20:00 PM,94.6,44.4,103.1,69.6,point
2025-06-20 05:40:00 PM,94.7,43.3,102.7,68.9,point
2025-06-20 06:00:00 PM,94.8,41.5,102.0,67.8,point
2025-06-20 06:20:00 PM,94.7,40.4,101.5,66.9,point
2025-06-20 06:40:00 PM,94.4,40.1,100.6,66.4,point
2025-06-20 07:00:00 PM,94.0,40.5,100.0,66.3,point
2025-06-20 07:20:00 PM,93.4,41.5,99.5,66.6,point
2025-06-20 07:40:00 PM,92.6,42.3,98.2,66.4,point
2025-06-20 08:00:00 PM,91.4,44.1,96.6,66.4,point
2025-06-20 08:20:00 PM,90.0,45.5,94.8,66.2,point
2025-06-20 08:40:00 PM,88.6,47.3,92.8,66.0,point
2025-06-20 09:00:00 PM,87.2,49.0,90.7,65.7,point
2025-06-20 09:20:00 PM,85.9,50.9,89.2,65.6,point
2025-06-20 09:40:00 PM,84.7,52.7,87.6,65.5,point
2025-06-20 10:00:00 PM,83.5,54.4,86.0,65.3,point
2025-06-20 10:20:00 PM,82.5,56.0,84.4,65.2,point
2025-06-20 10:40:00 PM,81.5,57.4,82.9,65.0,point
2025-06-20 11:00:00 PM,80.6,59.0,82.0,64.9,point
2025-06-20 11:20:00 PM,79.7,60.5,81.0,64.8,point
2025-06-20 11:40:00 PM,78.8,61.7,80.1,64.6,point
2025-06-21 12:00:00 AM,78.0,62.8,78.8,64.3,point
2025-06-21 12:20:00 AM,77.2,64.0,77.9,64.1,point
2025-06-21 12:40:00 AM,76.6,65.2,77.0,64.0,point
2025-06-21 01:00:00 AM,75.9,66.4,76.3,63.9,point
2025-06-21 01:20:00 AM,75.3,67.4,75.7,63.7,point
2025-06-21 01:40:00 AM,74.7,68.4,75.4,63.6,point
2025-06-21 02:00:00 AM,74.0,69.3,74.8,63.3,point
2025-06-21 02:20:00 AM,73.5,70.0,74.1,63.1,point
2025-06-21 02:40:00 AM,73.0,71.0,73.8,63.0,point
2025-06-21 03:00:00 AM,72.6,71.5,73.2,62.8,point
2025-06-21 03:20:00 AM,72.1,72.3,72.9,62.7,point
2025-06-21 03:40:00 AM,71.7,72.9,72.5,62.6,point
2025-06-21 04:00:00 AM,71.4,73.8,72.1,62.6,point
2025-06-21 04:20:00 AM,71.1,74.4,72.0,62.5,point
2025-06-21 04:40:00 AM,70.8,74.6,71.6,62.3,point
2025-06-21 05:00:00 AM,70.4,75.2,71.2,62.2,point
2025-06-21 05:20:00 AM,70.1,75.8,70.7,62.2,point
2025-06-21 05:40:00 AM,69.8,75.8,70.3,61.8,point
2025-06-21 06:00:00 AM,69.4,76.2,69.8,61.6,point
2025-06-21 06:20:00 AM,69.1,76.5,69.3,61.4,point
2025-06-21 06:40:00 AM,68.8,77.3,69.1,61.4,point
2025-06-21 07:00:00 AM,68.8,78.5,69.1,61.9,point
2025-06-21 07:20:00 AM,68.9,79.7,69.6,62.4,point
2025-06-21 07:40:00 AM,69.1,80.4,69.8,62.8,point
2025-06-21 08:00:00 AM,69.6,81.1,70.5,63.6,point
2025-06-21 08:20:00 AM,69.8,82.0,70.5,64.0,point
2025-06-21 08:40:00 AM,70.1,82.8,71.2,64.6,point
2025-06-21 09:00:00 AM,70.6,84.6,71.8,65.7,point
2025-06-21 09:20:00 AM,71.1,86.0,72.5,66.7,point
2025-06-21 09:40:00 AM,71.8,87.8,73.6,68.0,point
2025-06-21 10:00:00 AM,72.5,89.1,74.5,69.1,point
2025-06-21 10:20:00 AM,73.5,90.1,76.1,70.4,point
2025-06-21 10:40:00 AM,74.3,90.9,77.0,71.4,point
2025-06-21 11:00:00 AM,75.5,90.6,78.6,72.6,point
2025-06-21 11:20:00 AM,77.3,89.4,81.7,73.9,point
2025-06-21 11:40:00 AM,79.4,84.4,85.5,74.3,point
2025-06-21 12:00:00 PM,81.3,78.9,88.0,74.1,point
2025-06-21 12:20:00 PM,83.0,75.2,90.9,74.4,point
2025-06-21 12:40:00 PM,84.8,70.4,93.7,74.1,point
2025-06-21 01:00:00 PM,86.5,68.5,96.8,74.9,point
2025-06-21 01:20:00 PM,88.2,65.4,99.7,75.2,point
2025-06-21 01:40:00 PM,89.8,61.3,102.0,74.7,point
2025-06-21 02:00:00 PM,91.1,55.0,101.7,72.7,point
2025-06-21 02:20:00 PM,92.4,52.5,103.5,72.4,point
2025-06-21 02:40:00 PM,93.5,50.3,104.4,72.2,point
2025-06-21 03:00:00 PM,94.5,48.0,105.4,71.8,point
2025-06-21 03:20:00 PM,95.6,46.6,107.1,71.9,point
2025-06-21 03:40:00 PM,96.5,45.1,108.0,71.8,point
2025-06-21 04:00:00 PM,97.2,43.2,108.3,71.1,point
2025-06-21 04:20:00 PM,97.9,42.7,109.6,71.3,point
2025-06-21 04:40:00 PM,98.3,41.4,109.4,70.8,point
2025-06-21 05:00:00 PM,98.6,40.9,109.9,70.8,point
2025-06-21 05:20:00 PM,98.7,40.5,109.4,70.5,point
2025-06-21 05:40:00 PM,98.6,41.0,109.6,70.7,point
2025-06-21 06:00:00 PM,98.4,40.5,109.2,70.3,point
2025-06-21 06:20:00 PM,98.1,39.7,107.8,69.4,point
2025-06-21 06:40:00 PM,97.6,39.9,106.9,69.2,point
2025-06-21 07:00:00 PM,97.0,40.7,106.0,69.2,point
2025-06-21 07:20:00 PM,96.2,41.9,105.3,69.3,point
2025-06-21 07:40:00 PM,95.2,42.8,103.8,69.0,point
2025-06-21 08:00:00 PM,94.0,43.7,101.7,68.6,point
2025-06-21 08:20:00 PM,92.8,45.2,99.9,68.5,point
2025-06-21 08:40:00 PM,91.5,46.6,98.2,68.1,point
2025-06-21 09:00:00 PM,90.2,48.3,96.4,68.1,point
2025-06-21 09:20:00 PM,88.9,50.1,94.6,67.9,point
2025-06-21 09:40:00 PM,87.6,51.6,92.7,67.6,point
2025-06-21 10:00:00 PM,86.5,53.2,90.9,67.4,point
2025-06-21 10:20:00 PM,85.4,54.7,89.4,67.2,point
2025-06-21 10:40:00 PM,84.5,56.4,88.3,67.3,point
2025-06-21 11:00:00 PM,83.9,58.2,87.8,67.6,point
2025-06-21 11:20:00 PM,83.3,59.8,86.7,67.8,point
2025-06-21 11:40:00 PM,82.7,61.2,86.0,68.0,point
2025-06-22 12:00:00 AM,82.1,62.6,85.3,68.1,point
2025-06-22 12:20:00 AM,81.6,63.9,84.7,68.2,point
2025-06-22 12:40:00 AM,81.1,65.0,84.2,68.2,point
2025-06-22 01:00:00 AM,80.4,65.9,83.5,68.0,point
2025-06-22 01:20:00 AM,80.0,67.1,82.9,68.1,point
2025-06-22 01:40:00 AM,79.5,68.1,82.2,68.1,point
2025-06-22 02:00:00 AM,79.1,69.0,81.7,68.1,point
2025-06-22 02:20:00 AM,78.6,69.9,81.3,68.0,point
2025-06-22 02:40:00 AM,78.3,70.9,80.8,68.1,point
2025-06-22 03:00:00 AM,78.0,71.8,80.2,68.2,point
2025-06-22 03:20:00 AM,77.6,72.4,79.7,68.1,point
2025-06-22 03:40:00 AM,77.4,73.2,79.5,68.1,point
2025-06-22 04:00:00 AM,76.9,73.4,78.4,67.7,point
2025-06-22 04:20:00 AM,76.6,74.2,78.1,67.7,point
2025-06-22 04:40:00 AM,76.2,74.5,77.5,67.5,point
2025-06-22 05:00:00 AM,75.8,75.4,77.4,67.5,point
2025-06-22 05:20:00 AM,75.6,75.9,77.2,67.5,point
2025-06-22 05:40:00 AM,75.3,76.2,76.8,67.3,point
2025-06-22 06:00:00 AM,75.0,76.7,76.5,67.2,point
2025-06-22 06:20:00 AM,74.7,77.1,76.3,67.1,point
2025-06-22 06:40:00 AM,74.5,78.0,76.1,67.2,point
2025-06-22 07:00:00 AM,74.4,78.9,76.1,67.5,point
2025-06-22 07:20:00 AM,74.7,79.7,76.6,68.0,point
2025-06-22 07:40:00 AM,74.9,80.0,76.8,68.3,point
2025-06-22 08:00:00 AM,75.1,80.3,77.0,68.6,point
2025-06-22 08:20:00 AM,75.3,80.7,77.4,69.0,point
2025-06-22 08:40:00 AM,75.6,81.5,77.7,69.5,point
2025-06-22 09:00:00 AM,75.8,82.4,78.3,70.1,point
2025-06-22 09:20:00 AM,76.2,83.2,78.6,70.8,point
2025-06-22 09:40:00 AM,76.7,84.3,79.7,71.6,point
2025-06-22 10:00:00 AM,77.2,85.8,81.0,72.6,point
2025-06-22 10:20:00 AM,78.0,86.8,82.8,73.7,point
2025-06-22 10:40:00 AM,78.9,87.6,85.1,74.9,point
2025-06-22 11:00:00 AM,80.2,87.4,87.8,76.1,point
2025-06-22 11:20:00 AM,81.9,84.4,90.9,76.7,point
2025-06-22 11:40:00 AM,83.9,78.6,94.3,76.5,point
2025-06-22 12:00:00 PM,85.9,73.9,97.9,76.6,point
2025-06-22 12:20:00 PM,87.7,69.7,100.4,76.6,point
2025-06-22 12:40:00 PM,89.5,67.4,104.4,77.3,point
2025-06-22 01:00:00 PM,90.9,63.6,106.2,76.8,point
2025-06-22 01:20:00 PM,92.3,60.2,107.8,76.5,point
2025-06-22 01:40:00 PM,93.4,55.8,108.0,75.3,point
2025-06-22 02:00:00 PM,94.6,53.5,109.2,75.1,point
2025-06-22 02:20:00 PM,95.5,54.5,112.3,76.4,point
2025-06-22 02:40:00 PM,96.5,51.5,112.8,75.7,point
2025-06-22 03:00:00 PM,97.2,50.0,113.7,75.5,point
2025-06-22 03:20:00 PM,97.2,49.5,113.2,75.1,point
2025-06-22 03:40:00 PM,97.7,50.0,115.0,75.9,point
2025-06-22 04:00:00 PM,98.8,48.4,116.2,75.9,point
2025-06-22 04:20:00 PM,99.8,47.3,117.3,76.1,point
2025-06-22 04:40:00 PM,100.4,46.5,118.0,76.1,point
2025-06-22 05:00:00 PM,100.8,45.7,118.8,76.0,point
2025-06-22 05:20:00 PM,101.2,45.3,119.3,76.1,point
2025-06-22 05:40:00 PM,101.1,43.4,117.1,74.7,point
2025-06-22 06:00:00 PM,100.8,42.8,116.2,74.0,point
2025-06-22 06:20:00 PM,100.4,43.2,115.7,73.9,point
2025-06-22 06:40:00 PM,100.0,43.1,114.4,73.5,point
2025-06-22 07:00:00 PM,99.4,43.4,113.0,73.2,point
2025-06-22 07:20:00 PM,98.5,44.3,111.9,73.1,point
2025-06-22 07:40:00 PM,97.4,45.1,110.1,72.6,point
2025-06-22 08:00:00 PM,96.4,46.5,108.5,72.6,point
2025-06-22 08:20:00 PM,95.5,47.7,107.4,72.5,point
2025-06-22 08:40:00 PM,94.7,49.2,106.7,72.7,point
2025-06-22 09:00:00 PM,93.9,50.1,105.6,72.5,point
2025-06-22 09:20:00 PM,93.0,51.2,103.8,72.3,point
2025-06-22 09:40:00 PM,92.1,52.4,102.9,72.2,point
2025-06-22 10:00:00 PM,91.2,53.8,101.1,72.1,point
2025-06-22 10:20:00 PM,90.4,54.8,100.0,71.9,point
2025-06-22 10:40:00 PM,89.6,56.1,98.6,71.8,point
2025-06-22 11:00:00 PM,88.8,57.0,97.2,71.6,point
2025-06-22 11:20:00 PM,88.1,57.8,95.7,71.3,point
2025-06-22 11:40:00 PM,87.5,58.5,95.0,71.1,point
2025-06-23 12:00:00 AM,86.9,59.2,93.9,70.9,point
2025-06-23 12:20:00 AM,86.3,60.1,93.0,70.8,point
2025-06-23 12:40:00 AM,85.7,60.8,92.1,70.5,point
2025-06-23 01:00:00 AM,85.1,61.3,91.2,70.3,point
2025-06-23 01:20:00 AM,84.7,61.7,90.3,70.1,point
2025-06-23 01:40:00 AM,84.2,62.3,89.8,69.9,point
2025-06-23 02:00:00 AM,83.9,62.8,89.2,69.8,point
2025-06-23 02:20:00 AM,83.5,63.4,88.5,69.7,point
2025-06-23 02:40:00 AM,83.0,64.0,87.4,69.6,point
2025-06-23 03:00:00 AM,82.7,64.3,86.9,69.4,point
2025-06-23 03:20:00 AM,82.2,64.9,86.0,69.2,point
2025-06-23 03:40:00 AM,81.6,65.4,85.1,68.9,point
2025-06-23 04:00:00 AM,81.1,66.2,84.6,68.7,point
2025-06-23 04:20:00 AM,80.5,67.1,83.8,68.6,point
2025-06-23 04:40:00 AM,79.9,67.9,83.1,68.4,point
2025-06-23 05:00:00 AM,79.4,69.0,82.4,68.3,point
2025-06-23 05:20:00 AM,78.9,69.8,81.5,68.2,point
2025-06-23 05:40:00 AM,78.5,70.9,81.1,68.3,point
2025-06-23 06:00:00 AM,78.2,71.7,80.6,68.3,point
2025-06-23 06:20:00 AM,78.0,72.4,80.4,68.4,point
2025-06-23 06:40:00 AM,77.8,73.0,80.1,68.4,point
2025-06-23 07:00:00 AM,77.7,73.9,80.1,68.7,point
2025-06-23 07:20:00 AM,77.8,74.4,80.2,69.0,point
2025-06-23 07:40:00 AM,78.0,75.0,81.0,69.4,point
2025-06-23 08:00:00 AM,78.2,75.6,81.3,69.9,point
2025-06-23 08:20:00 AM,78.5,76.3,82.0,70.4,point
2025-06-23 08:40:00 AM,78.9,76.5,82.8,70.9,point
2025-06-23 09:00:00 AM,79.4,77.1,84.0,71.6,point
2025-06-23 09:20:00 AM,80.0,77.0,84.9,72.1,point
2025-06-23 09:40:00 AM,80.6,76.8,86.0,72.6,point
2025-06-23 10:00:00 AM,81.4,75.7,87.4,73.0,point
2025-06-23 10:20:00 AM,83.3,73.2,91.2,73.8,point
2025-06-23 10:40:00 AM,85.7,70.2,95.7,74.9,point
2025-06-23 11:00:00 AM,88.2,64.1,99.0,74.5,point
2025-06-23 11:20:00 AM,90.4,61.6,103.6,75.4,point
2025-06-23 11:40:00 AM,92.6,56.6,106.2,74.9,point
2025-06-23 12:00:00 PM,94.6,54.1,109.6,75.4,point
2025-06-23 12:20:00 PM,96.6,54.7,116.1,77.6,point
2025-06-23 12:40:00 PM,98.7,49.5,116.8,76.5,point
2025-06-23 01:00:00 PM,99.8,47.3,117.5,76.2,point
2025-06-23 01:20:00 PM,101.2,45.9,120.0,76.5,point
2025-06-23 01:40:00 PM,102.4,41.8,119.5,74.7,point
2025-06-23 02:00:00 PM,103.4,41.2,121.1,75.2,point
2025-06-23 02:20:00 PM,104.5,41.3,123.6,76.2,point
2025-06-23 02:40:00 PM,105.7,39.9,125.4,76.3,point
2025-06-23 03:00:00 PM,106.6,37.6,125.4,75.3,point
2025-06-23 03:20:00 PM,107.5,39.1,129.4,77.3,point
2025-06-23 03:40:00 PM,108.6,38.2,131.0,77.6,point
2025-06-23 04:00:00 PM,109.5,36.9,131.5,77.3,point
2025-06-23 04:20:00 PM,110.3,36.8,133.5,77.9,point
2025-06-23 04:40:00 PM,110.8,36.5,134.4,78.1,point
2025-06-23 05:00:00 PM,111.3,35.1,133.5,77.3,point
2025-06-23 05:20:00 PM,111.5,35.6,134.8,77.9,point
2025-06-23 05:40:00 PM,111.3,35.8,134.4,77.9,point
2025-06-23 06:00:00 PM,110.9,35.9,133.5,77.7,point
2025-06-23 06:20:00 PM,110.6,35.6,132.3,77.1,point
2025-06-23 06:40:00 PM,110.0,35.8,131.4,76.8,point
2025-06-23 07:00:00 PM,109.1,35.7,129.0,75.9,point
2025-06-23 07:20:00 PM,108.0,36.4,127.4,75.6,point
2025-06-23 07:40:00 PM,106.8,37.6,125.8,75.5,point
2025-06-23 08:00:00 PM,105.4,39.4,124.0,75.6,point
2025-06-23 08:20:00 PM,103.8,41.7,122.9,75.9,point
2025-06-23 08:40:00 PM,102.5,43.4,120.9,75.9,point
2025-06-23 09:00:00 PM,101.2,44.9,118.9,75.8,point
2025-06-23 09:20:00 PM,99.9,46.6,117.1,75.8,point
2025-06-23 09:40:00 PM,98.8,48.1,116.1,75.8,point
2025-06-23 10:00:00 PM,97.7,49.2,114.4,75.5,point
2025-06-23 10:20:00 PM,96.8,50.5,112.6,75.4,point
2025-06-23 10:40:00 PM,95.8,51.8,111.4,75.3,point
2025-06-23 11:00:00 PM,94.9,53.0,109.9,75.1,point
2025-06-23 11:20:00 PM,94.1,54.5,108.9,75.2,point
2025-06-23 11:40:00 PM,93.4,55.7,107.2,75.1,point
2025-06-24 12:00:00 AM,92.5,56.8,106.2,74.9,point
2025-06-24 12:20:00 AM,91.8,58.0,105.1,74.9,point
2025-06-24 12:40:00 AM,91.0,59.1,103.5,74.7,point
2025-06-24 01:00:00 AM,90.3,60.2,102.7,74.6,point
2025-06-24 01:20:00 AM,89.7,61.2,101.5,74.5,point
2025-06-24 01:40:00 AM,88.9,62.5,100.2,74.4,point
2025-06-24 02:00:00 AM,88.4,63.5,99.3,74.4,point
2025-06-24 02:20:00 AM,87.7,64.4,97.9,74.2,point
2025-06-24 02:40:00 AM,87.1,65.1,97.0,74.0,point
2025-06-24 03:00:00 AM,86.6,66.0,96.3,73.9,point
2025-06-24 03:20:00 AM,86.1,67.0,95.4,73.8,point
2025-06-24 03:40:00 AM,85.6,67.6,94.5,73.6,point
2025-06-24 04:00:00 AM,85.1,68.3,93.6,73.5,point
2025-06-24 04:20:00 AM,84.7,69.1,92.8,73.4,point
2025-06-24 04:40:00 AM,84.3,69.8,92.3,73.3,point
2025-06-24 05:00:00 AM,83.9,70.4,91.6,73.2,point
2025-06-24 05:20:00 AM,83.5,71.1,91.0,73.2,point
2025-06-24 05:40:00 AM,83.2,71.7,90.3,73.1,point
2025-06-24 06:00:00 AM,82.9,72.2,89.4,73.0,point
2025-06-24 06:20:00 AM,82.6,72.8,89.2,73.0,point
2025-06-24 06:40:00 AM,82.4,73.6,88.9,73.1,point
2025-06-24 07:00:00 AM,82.3,74.4,88.7,73.3,point
2025-06-24 07:20:00 AM,82.4,75.5,89.1,73.8,point
2025-06-24 07:40:00 AM,82.6,77.2,90.5,74.7,point
2025-06-24 08:00:00 AM,82.9,77.9,91.2,75.3,point
2025-06-24 08:20:00 AM,83.6,79.9,93.9,76.7,point
2025-06-24 08:40:00 AM,84.6,80.3,97.0,77.8,point
2025-06-24 09:00:00 AM,85.9,77.8,99.5,78.2,point
2025-06-24 09:20:00 AM,87.3,74.1,101.5,78.1,point
2025-06-24 09:40:00 AM,89.1,73.8,106.7,79.6,point
2025-06-24 10:00:00 AM,91.0,66.7,108.1,78.4,point
2025-06-24 10:20:00 AM,92.7,66.3,113.0,79.8,point
2025-06-24 10:40:00 AM,94.6,59.0,113.0,78.0,point
2025-06-24 11:00:00 AM,96.3,57.3,117.0,78.7,point
2025-06-24 11:20:00 AM,98.0,53.7,118.6,78.3,point
2025-06-24 11:40:00 AM,99.3,56.4,125.2,81.1,point
2025-06-24 12:00:00 PM,101.1,50.0,124.3,79.0,point
2025-06-24 12:20:00 PM,102.3,47.5,124.7,78.5,point
2025-06-24 12:40:00 PM,103.5,48.2,129.0,80.1,point
2025-06-24 01:00:00 PM,104.9,42.7,126.1,77.6,point
2025-06-24 01:20:00 PM,105.7,43.6,129.4,79.0,point
2025-06-24 01:40:00 PM,107.2,42.5,132.4,79.6,point
2025-06-24 02:00:00 PM,108.6,39.9,133.2,78.9,point
2025-06-24 02:20:00 PM,109.4,40.2,136.0,79.8,point
2025-06-24 02:40:00 PM,110.0,39.2,135.9,79.6,point
2025-06-24 03:00:00 PM,110.6,38.4,136.2,79.4,point
2025-06-24 03:20:00 PM,110.8,37.5,135.5,78.9,point
2025-06-24 03:40:00 PM,110.8,37.3,135.3,78.8,point
2025-06-24 04:00:00 PM,111.0,36.8,134.8,78.5,point
2025-06-24 04:20:00 PM,111.1,36.5,135.0,78.4,point
2025-06-24 04:40:00 PM,111.4,36.8,136.2,78.9,point
2025-06-24 05:00:00 PM,111.6,36.3,136.2,78.7,point
2025-06-24 05:20:00 PM,111.5,36.3,135.7,78.6,point
2025-06-24 05:40:00 PM,110.9,36.4,134.4,78.1,point
2025-06-24 06:00:00 PM,109.8,37.1,132.6,77.7,point
2025-06-24 06:20:00 PM,108.6,38.2,131.0,77.5,point
2025-06-24 06:40:00 PM,107.3,39.7,129.6,77.6,point
2025-06-24 07:00:00 PM,106.1,40.9,127.6,77.4,point
2025-06-24 07:20:00 PM,105.0,42.2,126.1,77.4,point
2025-06-24 07:40:00 PM,104.0,43.5,125.2,77.5,point
2025-06-24 08:00:00 PM,103.0,44.5,123.3,77.1,point
2025-06-24 08:20:00 PM,101.9,45.6,121.6,76.9,point
2025-06-24 08:40:00 PM,101.0,46.8,120.4,76.9,point
2025-06-24 09:00:00 PM,100.0,47.8,118.4,76.7,point
2025-06-24 09:20:00 PM,99.0,49.1,117.3,76.6,point
2025-06-24 09:40:00 PM,98.1,50.5,116.2,76.5,point
2025-06-24 10:00:00 PM,97.2,51.8,115.2,76.5,point
2025-06-24 10:20:00 PM,96.4,52.6,113.4,76.2,point
2025-06-24 10:40:00 PM,95.6,53.3,111.9,75.9,point
2025-06-24 11:00:00 PM,94.9,54.6,110.8,76.0,point
2025-06-24 11:20:00 PM,94.2,55.8,109.8,76.0,point
2025-06-24 11:40:00 PM,93.7,56.9,109.0,76.1,point
2025-06-25 12:00:00 AM,93.0,57.7,108.1,75.9,point
2025-06-25 12:20:00 AM,92.4,58.5,106.9,75.7,point
2025-06-25 12:40:00 AM,91.6,59.6,105.6,75.6,point
2025-06-25 01:00:00 AM,91.0,60.6,104.4,75.4,point
2025-06-25 01:20:00 AM,90.3,61.6,103.6,75.3,point
2025-06-25 01:40:00 AM,89.7,62.9,102.4,75.4,point
2025-06-25 02:00:00 AM,89.1,63.6,101.3,75.1,point
2025-06-25 02:20:00 AM,88.5,64.6,100.4,75.1,point
2025-06-25 02:40:00 AM,88.0,65.5,99.3,75.0,point
2025-06-25 03:00:00 AM,87.5,66.7,98.6,75.1,point
2025-06-25 03:20:00 AM,87.1,67.4,98.1,75.0,point
2025-06-25 03:40:00 AM,86.7,68.0,97.5,74.9,point
2025-06-25 04:00:00 AM,86.2,68.6,96.4,74.7,point
2025-06-25 04:20:00 AM,85.9,69.4,95.9,74.7,point
2025-06-25 04:40:00 AM,85.5,70.3,95.5,74.7,point
2025-06-25 05:00:00 AM,85.2,70.9,94.8,74.7,point
2025-06-25 05:20:00 AM,84.8,71.2,94.1,74.5,point
2025-06-25 05:40:00 AM,84.6,72.0,93.9,74.5,point
2025-06-25 06:00:00 AM,84.3,72.7,93.2,74.6,point
2025-06-25 06:20:00 AM,84.0,73.3,93.0,74.6,point
2025-06-25 06:40:00 AM,83.9,74.3,92.8,74.8,point
2025-06-25 07:00:00 AM,83.9,75.1,93.2,75.1,point
2025-06-25 07:20:00 AM,84.0,76.0,93.4,75.6,point
2025-06-25 07:40:00 AM,84.2,76.4,94.6,76.0,point
2025-06-25 08:00:00 AM,84.6,77.2,95.7,76.7,point
2025-06-25 08:20:00 AM,85.3,78.9,98.1,78.0,point
2025-06-25 08:40:00 AM,86.3,78.6,100.9,78.9,point
2025-06-25 09:00:00 AM,87.6,76.3,103.3,79.2,point
2025-06-25 09:20:00 AM,88.8,73.6,105.6,79.2,point
2025-06-25 09:40:00 AM,90.1,70.8,108.0,79.3,point
2025-06-25 10:00:00 AM,91.5,69.2,111.4,80.0,point
2025-06-25 10:20:00 AM,93.5,64.7,113.9,79.8,point
2025-06-25 10:40:00 AM,95.2,61.8,117.3,80.0,point
2025-06-25 11:00:00 AM,96.5,57.0,117.3,78.8,point
2025-06-25 11:20:00 AM,98.1,53.1,118.6,78.0,point
2025-06-25 11:40:00 AM,99.5,50.4,119.8,77.8,point
2025-06-25 12:00:00 PM,100.9,50.2,123.4,78.9,point
2025-06-25 12:20:00 PM,102.3,48.2,125.4,78.9,point
2025-06-25 12:40:00 PM,103.2,48.6,128.5,80.0,point
2025-06-25 01:00:00 PM,103.5,47.5,128.1,79.6,point
2025-06-25 01:20:00 PM,103.9,47.0,128.7,79.7,point
2025-06-25 01:40:00 PM,105.0,45.7,129.9,79.8,point
2025-06-25 02:00:00 PM,105.3,44.2,129.2,79.1,point
2025-06-25 02:20:00 PM,104.0,46.4,128.3,79.4,point
2025-06-25 02:40:00 PM,98.8,50.7,118.0,77.3,point
2025-06-25 03:00:00 PM,95.8,55.7,114.3,77.4,point
2025-06-25 03:20:00 PM,94.4,58.0,111.6,77.3,point
2025-06-25 03:40:00 PM,93.6,59.3,110.5,77.2,point
2025-06-25 04:00:00 PM,93.0,60.0,109.0,77.0,point
2025-06-25 04:20:00 PM,91.7,59.0,105.3,75.4,point
2025-06-25 04:40:00 PM,89.5,60.1,100.4,73.9,point
2025-06-25 05:00:00 PM,87.7,63.5,97.5,73.8,point
2025-06-25 05:20:00 PM,86.6,65.0,95.9,73.4,point
2025-06-25 05:40:00 PM,85.6,66.5,94.1,73.1,point
2025-06-25 06:00:00 PM,84.8,68.2,92.8,73.1,point
2025-06-25 06:20:00 PM,84.2,69.6,91.8,73.1,point
2025-06-25 06:40:00 PM,83.6,69.8,90.5,72.6,point
2025-06-25 07:00:00 PM,82.9,69.2,88.7,71.8,point
2025-06-25 07:20:00 PM,82.5,69.9,88.0,71.6,point
2025-06-25 07:40:00 PM,82.1,69.9,87.3,71.3,point
2025-06-25 08:00:00 PM,81.8,70.1,86.5,71.1,point
2025-06-25 08:20:00 PM,81.5,70.2,86.4,70.9,point
2025-06-25 08:40:00 PM,81.2,69.8,85.6,70.4,point
2025-06-25 09:00:00 PM,80.8,70.0,85.1,70.1,point
2025-06-25 09:20:00 PM,80.4,70.5,84.6,70.0,point
2025-06-25 09:40:00 PM,80.1,71.2,84.0,69.9,point
2025-06-25 10:00:00 PM,79.8,71.7,83.5,69.9,point
2025-06-25 10:20:00 PM,79.6,71.9,83.1,69.8,point
2025-06-25 10:40:00 PM,79.4,72.3,82.9,69.7,point
2025-06-25 11:00:00 PM,79.2,72.4,82.8,69.5,point
2025-06-25 11:20:00 PM,78.9,73.3,82.0,69.6,point
2025-06-25 11:40:00 PM,78.9,74.6,82.4,70.2,point
2025-06-26 12:00:00 AM,78.9,75.1,82.6,70.3,point
2025-06-26 12:20:00 AM,78.6,74.6,82.0,69.9,point
2025-06-26 12:40:00 AM,78.3,75.0,81.5,69.8,point
2025-06-26 01:00:00 AM,78.2,75.4,81.1,69.7,point
2025-06-26 01:20:00 AM,78.0,76.5,81.1,69.9,point
2025-06-26 01:40:00 AM,77.8,77.3,80.8,70.1,point
2025-06-26 02:00:00 AM,77.6,77.2,80.4,69.9,point
2025-06-26 02:20:00 AM,77.4,76.6,80.1,69.5,point
2025-06-26 02:40:00 AM,77.1,76.7,79.3,69.2,point
2025-06-26 03:00:00 AM,76.9,77.4,79.0,69.3,point
2025-06-26 03:20:00 AM,76.6,77.5,78.6,69.1,point
2025-06-26 03:40:00 AM,76.5,78.2,78.6,69.2,point
2025-06-26 04:00:00 AM,76.3,78.7,78.3,69.2,point
2025-06-26 04:20:00 AM,76.1,78.1,78.1,68.8,point
2025-06-26 04:40:00 AM,75.8,78.0,77.7,68.5,point
2025-06-26 05:00:00 AM,75.6,78.6,77.5,68.5,point
2025-06-26 05:20:00 AM,75.4,78.6,77.2,68.3,point
2025-06-26 05:40:00 AM,75.1,78.5,76.8,68.0,point
2025-06-26 06:00:00 AM,74.9,79.7,76.8,68.3,point
2025-06-26 06:20:00 AM,74.8,80.5,76.6,68.4,point
2025-06-26 06:40:00 AM,74.7,80.4,76.6,68.3,point
2025-06-26 07:00:00 AM,74.7,81.0,76.6,68.5,point
2025-06-26 07:20:00 AM,74.8,82.0,76.8,68.9,point
2025-06-26 07:40:00 AM,75.1,83.1,77.4,69.6,point
2025-06-26 08:00:00 AM,75.5,85.0,78.1,70.7,point
2025-06-26 08:20:00 AM,76.4,87.2,79.3,72.3,point
2025-06-26 08:40:00 AM,77.6,88.4,82.2,74.0,point
2025-06-26 09:00:00 AM,79.0,88.4,85.5,75.3,point
2025-06-26 09:20:00 AM,81.6,85.7,90.5,76.9,point
2025-06-26 09:40:00 AM,86.6,71.8,98.8,76.4,point
2025-06-26 10:00:00 AM,90.3,64.4,105.3,76.7,point
2025-06-26 10:20:00 AM,93.9,61.6,113.2,78.7,point
2025-06-26 10:40:00 AM,96.5,51.6,113.0,75.8,point
2025-06-26 11:00:00 AM,98.2,50.2,116.1,76.5,point
2025-06-26 11:20:00 AM,99.8,48.9,118.9,77.1,point
2025-06-26 11:40:00 AM,101.8,46.1,121.6,77.1,point
2025-06-26 12:00:00 PM,102.6,43.6,121.6,76.2,point
2025-06-26 12:20:00 PM,103.8,44.7,125.4,78.0,point
2025-06-26 12:40:00 PM,105.2,41.2,125.4,76.8,point
2025-06-26 01:00:00 PM,105.6,40.1,125.2,76.4,point
2025-06-26 01:20:00 PM,106.1,39.2,125.6,76.1,point
2025-06-26 01:40:00 PM,106.8,39.6,127.9,77.0,point
2025-06-26 02:00:00 PM,109.2,38.9,133.3,78.6,point
2025-06-26 02:20:00 PM,109.3,37.0,131.2,77.2,point
2025-06-26 02:40:00 PM,109.4,38.3,133.5,78.3,point
2025-06-26 03:00:00 PM,109.3,37.6,132.1,77.7,point
2025-06-26 03:20:00 PM,108.7,38.6,131.5,78.0,point
2025-06-26 03:40:00 PM,108.7,38.9,131.9,78.2,point
2025-06-26 04:00:00 PM,108.8,38.4,131.7,77.8,point
2025-06-26 04:20:00 PM,108.6,38.1,130.8,77.5,point
2025-06-26 04:40:00 PM,108.0,38.0,129.4,76.9,point
2025-06-26 05:00:00 PM,107.5,38.7,128.7,76.9,point
2025-06-26 05:20:00 PM,107.0,38.7,127.4,76.6,point
2025-06-26 05:40:00 PM,106.4,38.9,126.3,76.2,point
2025-06-26 06:00:00 PM,105.8,39.2,124.9,75.8,point
2025-06-26 06:20:00 PM,104.8,39.5,122.9,75.2,point
2025-06-26 06:40:00 PM,103.6,40.1,120.6,74.6,point
2025-06-26 07:00:00 PM,102.2,41.4,118.4,74.3,point
2025-06-26 07:20:00 PM,100.9,42.6,116.2,74.0,point
2025-06-26 07:40:00 PM,99.7,43.5,113.7,73.5,point
2025-06-26 08:00:00 PM,98.1,44.7,111.4,72.9,point
2025-06-26 08:20:00 PM,96.5,46.2,108.9,72.5,point
2025-06-26 08:40:00 PM,95.1,48.2,106.9,72.4,point
2025-06-26 09:00:00 PM,93.9,50.9,105.6,73.0,point
2025-06-26 09:20:00 PM,92.7,52.5,104.2,72.8,point
2025-06-26 09:40:00 PM,91.8,53.1,102.4,72.2,point
2025-06-26 10:00:00 PM,90.9,52.6,100.2,71.2,point
2025-06-26 10:20:00 PM,90.0,52.3,97.9,70.1,point
2025-06-26 10:40:00 PM,89.0,52.4,95.7,69.3,point
2025-06-26 11:00:00 PM,88.3,53.0,94.3,69.0,point
2025-06-26 11:20:00 PM,87.5,53.7,93.2,68.7,point
2025-06-26 11:40:00 PM,86.9,54.7,92.1,68.6,point
2025-06-27 12:00:00 AM,86.2,55.8,91.4,68.5,point
2025-06-27 12:20:00 AM,85.5,56.9,90.5,68.5,point
2025-06-27 12:40:00 AM,84.8,57.9,89.4,68.4,point
2025-06-27 01:00:00 AM,84.2,59.1,88.3,68.3,point
2025-06-27 01:20:00 AM,83.4,59.6,87.1,67.9,point
2025-06-27 01:40:00 AM,83.0,60.6,86.5,68.0,point
2025-06-27 02:00:00 AM,82.6,61.2,86.0,67.9,point
2025-06-27 02:20:00 AM,82.2,61.5,85.5,67.7,point
2025-06-27 02:40:00 AM,81.9,62.3,84.9,67.7,point
2025-06-27 03:00:00 AM,81.4,63.1,84.4,67.7,point
2025-06-27 03:20:00 AM,81.0,64.1,84.0,67.7,point
2025-06-27 03:40:00 AM,80.6,65.3,83.7,67.9,point
2025-06-27 04:00:00 AM,80.3,66.0,83.3,67.9,point
2025-06-27 04:20:00 AM,80.0,66.8,82.8,67.9,point
2025-06-27 04:40:00 AM,79.6,67.5,82.4,67.9,point
2025-06-27 05:00:00 AM,79.2,68.3,81.9,67.8,point
2025-06-27 05:20:00 AM,78.8,68.9,81.3,67.7,point
2025-06-27 05:40:00 AM,78.5,69.9,81.0,67.8,point
2025-06-27 06:00:00 AM,78.2,70.6,80.4,67.8,point
2025-06-27 06:20:00 AM,78.0,71.3,80.2,67.9,point
2025-06-27 06:40:00 AM,77.7,72.0,80.1,68.0,point
2025-06-27 07:00:00 AM,77.7,72.7,79.7,68.2,point
2025-06-27 07:20:00 AM,77.7,73.3,79.9,68.5,point
2025-06-27 07:40:00 AM,78.0,73.9,80.6,68.9,point
2025-06-27 08:00:00 AM,78.3,75.0,81.5,69.7,point
2025-06-27 08:20:00 AM,78.9,75.8,82.6,70.6,point
2025-06-27 08:40:00 AM,79.5,76.2,84.0,71.4,point
2025-06-27 09:00:00 AM,80.4,76.3,85.8,72.3,point
2025-06-27 09:20:00 AM,81.6,75.8,87.8,73.2,point
2025-06-27 09:40:00 AM,83.0,75.1,90.9,74.3,point
2025-06-27 10:00:00 AM,84.7,72.5,94.1,74.8,point
2025-06-27 10:20:00 AM,86.5,69.4,97.3,75.3,point
2025-06-27 10:40:00 AM,88.2,65.9,99.9,75.3,point
2025-06-27 11:00:00 AM,90.0,61.7,102.7,75.1,point
2025-06-27 11:20:00 AM,91.7,57.8,104.5,74.7,point
2025-06-27 11:40:00 AM,93.5,56.3,108.1,75.6,point
2025-06-27 12:00:00 PM,95.3,52.0,110.1,74.8,point
2025-06-27 12:20:00 PM,96.8,49.1,111.6,74.5,point
2025-06-27 12:40:00 PM,98.3,47.6,114.3,75.0,point
2025-06-27 01:00:00 PM,99.8,46.6,116.8,75.7,point
2025-06-27 01:20:00 PM,100.8,44.7,117.9,75.3,point
2025-06-27 01:40:00 PM,101.8,43.4,119.1,75.3,point
2025-06-27 02:00:00 PM,102.6,41.1,119.1,74.5,point
2025-06-27 02:20:00 PM,103.7,40.7,121.5,75.1,point
2025-06-27 02:40:00 PM,105.0,39.1,122.9,75.1,point
2025-06-27 03:00:00 PM,106.0,38.2,124.5,75.2,point
2025-06-27 03:20:00 PM,106.7,36.8,124.5,74.8,point
2025-06-27 03:40:00 PM,107.0,36.6,125.1,74.9,point
2025-06-27 04:00:00 PM,107.5,36.6,126.3,75.3,point
2025-06-27 04:20:00 PM,107.2,35.4,124.2,74.1,point
2025-06-27 04:40:00 PM,105.9,36.2,122.0,73.6,point
2025-06-27 05:00:00 PM,104.6,36.1,119.1,72.4,point
2025-06-27 05:20:00 PM,101.4,38.0,113.7,71.1,point
2025-06-27 05:40:00 PM,97.1,41.6,106.9,69.9,point
2025-06-27 06:00:00 PM,94.0,44.8,102.2,69.3,point
2025-06-27 06:20:00 PM,92.2,47.1,99.9,69.1,point
2025-06-27 06:40:00 PM,92.3,49.2,101.1,70.5,point
2025-06-27 07:00:00 PM,93.8,49.0,104.4,71.7,point
2025-06-27 07:20:00 PM,94.6,46.9,104.7,71.2,point
2025-06-27 07:40:00 PM,94.0,46.3,103.1,70.3,point
2025-06-27 08:00:00 PM,92.8,47.8,101.3,70.1,point
2025-06-27 08:20:00 PM,91.2,49.1,99.1,69.5,point
2025-06-27 08:40:00 PM,89.9,51.0,97.0,69.4,point
2025-06-27 09:00:00 PM,88.6,53.5,95.2,69.6,point
2025-06-27 09:20:00 PM,87.5,54.9,93.6,69.3,point
2025-06-27 09:40:00 PM,86.6,55.6,92.1,68.8,point
2025-06-27 10:00:00 PM,86.0,56.4,91.0,68.7,point
2025-06-27 10:20:00 PM,85.3,57.2,90.1,68.5,point
2025-06-27 10:40:00 PM,84.7,58.1,89.1,68.3,point
2025-06-27 11:00:00 PM,84.0,60.0,88.3,68.6,point
2025-06-27 11:20:00 PM,83.2,60.8,87.1,68.3,point
2025-06-27 11:40:00 PM,82.2,62.1,85.3,67.9,point
2025-06-28 12:00:00 AM,81.3,63.4,84.0,67.7,point
2025-06-28 12:20:00 AM,80.7,64.3,83.5,67.5,point
2025-06-28 12:40:00 AM,80.2,64.8,82.8,67.3,point
2025-06-28 01:00:00 AM,79.7,65.3,81.9,67.0,point
2025-06-28 01:20:00 AM,79.4,65.7,81.7,66.8,point
2025-06-28 01:40:00 AM,79.0,66.1,81.1,66.7,point
2025-06-28 02:00:00 AM,78.8,66.7,80.6,66.7,point
2025-06-28 02:20:00 AM,78.5,66.6,80.4,66.5,point
2025-06-28 02:40:00 AM,78.2,67.0,79.9,66.3,point
2025-06-28 03:00:00 AM,77.8,67.2,79.2,66.1,point
2025-06-28 03:20:00 AM,77.5,67.8,78.8,65.9,point
2025-06-28 03:40:00 AM,77.1,68.5,78.3,65.9,point
2025-06-28 04:00:00 AM,76.8,68.9,77.5,65.8,point
2025-06-28 04:20:00 AM,76.5,69.5,77.5,65.8,point
2025-06-28 04:40:00 AM,76.2,70.0,77.0,65.8,point
2025-06-28 05:00:00 AM,76.0,70.5,77.0,65.7,point
2025-06-28 05:20:00 AM,75.8,71.3,76.8,65.9,point
2025-06-28 05:40:00 AM,75.7,71.8,76.6,65.9,point
2025-06-28 06:00:00 AM,75.5,72.3,76.6,65.9,point
2025-06-28 06:20:00 AM,75.3,72.8,76.5,66.0,point
2025-06-28 06:40:00 AM,75.2,73.3,76.3,66.1,point
2025-06-28 07:00:00 AM,75.1,74.2,76.5,66.3,point
2025-06-28 07:20:00 AM,75.1,75.3,76.6,66.8,point
2025-06-28 07:40:00 AM,75.4,76.4,77.0,67.5,point
2025-06-28 08:00:00 AM,75.8,77.4,77.5,68.3,point
2025-06-28 08:20:00 AM,76.6,78.3,78.8,69.4,point
2025-06-28 08:40:00 AM,77.5,78.8,80.4,70.4,point
2025-06-28 09:00:00 AM,78.5,78.5,82.4,71.3,point
2025-06-28 09:20:00 AM,79.8,78.0,84.9,72.3,point
2025-06-28 09:40:00 AM,81.2,77.3,87.4,73.4,point
2025-06-28 10:00:00 AM,82.8,75.8,90.5,74.4,point
2025-06-28 10:20:00 AM,84.8,73.1,94.8,75.2,point
2025-06-28 10:40:00 AM,86.8,69.7,98.2,75.7,point
2025-06-28 11:00:00 AM,88.9,64.9,101.5,75.5,point
2025-06-28 11:20:00 AM,90.9,61.0,104.7,75.6,point
2025-06-28 11:40:00 AM,92.8,57.0,106.9,75.3,point
2025-06-28 12:00:00 PM,94.4,55.1,109.8,75.8,point
2025-06-28 12:20:00 PM,96.2,51.2,111.7,75.2,point
2025-06-28 12:40:00 PM,97.5,48.4,113.2,74.8,point
2025-06-28 01:00:00 PM,97.9,47.1,113.0,74.3,point
2025-06-28 01:20:00 PM,97.7,46.9,112.3,74.0,point
2025-06-28 01:40:00 PM,97.5,46.6,111.7,73.6,point
2025-06-28 02:00:00 PM,97.4,47.3,111.7,74.0,point
2025-06-28 02:20:00 PM,98.6,46.2,113.4,74.3,point
2025-06-28 02:40:00 PM,98.6,44.5,111.9,73.2,point
2025-06-28 03:00:00 PM,99.0,45.4,114.1,74.2,point
2025-06-28 03:20:00 PM,100.4,43.9,116.2,74.4,point
2025-06-28 03:40:00 PM,101.1,38.7,113.7,71.3,point
2025-06-28 04:00:00 PM,98.2,39.7,108.0,69.5,point
2025-06-28 04:20:00 PM,95.2,43.8,104.0,69.6,point
2025-06-28 04:40:00 PM,92.4,47.5,100.4,69.5,point
2025-06-28 05:00:00 PM,90.1,50.2,97.3,69.1,point
2025-06-28 05:20:00 PM,88.7,51.4,94.6,68.5,point
2025-06-28 05:40:00 PM,87.5,52.1,92.5,67.8,point
2025-06-28 06:00:00 PM,86.2,53.6,90.7,67.5,point
2025-06-28 06:20:00 PM,85.2,55.6,89.4,67.5,point
2025-06-28 06:40:00 PM,84.5,57.3,88.5,67.8,point
2025-06-28 07:00:00 PM,84.5,58.9,89.1,68.6,point
2025-06-28 07:20:00 PM,85.2,59.2,90.7,69.3,point
2025-06-28 07:40:00 PM,86.2,58.9,92.7,70.2,point
2025-06-28 08:00:00 PM,86.6,57.6,92.8,69.9,point
2025-06-28 08:20:00 PM,86.2,56.9,91.9,69.2,point
2025-06-28 08:40:00 PM,85.5,57.7,90.7,68.9,point
2025-06-28 09:00:00 PM,84.7,59.2,89.4,68.9,point
2025-06-28 09:20:00 PM,83.9,59.9,88.2,68.5,point
2025-06-28 09:40:00 PM,83.3,61.1,87.4,68.5,point
2025-06-28 10:00:00 PM,82.8,62.5,86.7,68.7,point
2025-06-28 10:20:00 PM,82.5,63.6,86.4,68.9,point
2025-06-28 10:40:00 PM,82.2,64.2,85.8,68.9,point
2025-06-28 11:00:00 PM,81.9,64.3,85.5,68.7,point
2025-06-28 11:20:00 PM,81.7,65.1,85.5,68.8,point
2025-06-28 11:40:00 PM,81.4,65.5,84.9,68.7,point
2025-06-29 12:00:00 AM,80.9,66.2,84.2,68.6,point
2025-06-29 12:20:00 AM,80.6,67.2,84.0,68.7,point
2025-06-29 12:40:00 AM,80.2,68.1,83.3,68.7,point
2025-06-29 01:00:00 AM,79.9,69.0,82.9,68.8,point
2025-06-29 01:20:00 AM,79.4,69.9,82.6,68.8,point
2025-06-29 01:40:00 AM,79.1,70.6,82.0,68.7,point
2025-06-29 02:00:00 AM,78.8,71.2,81.9,68.7,point
2025-06-29 02:20:00 AM,78.5,71.8,81.1,68.6,point
2025-06-29 02:40:00 AM,78.2,72.4,80.8,68.6,point
2025-06-29 03:00:00 AM,78.0,73.1,80.4,68.6,point
2025-06-29 03:20:00 AM,77.6,73.5,79.9,68.5,point
2025-06-29 03:40:00 AM,77.5,74.0,79.7,68.5,point
2025-06-29 04:00:00 AM,77.2,74.8,79.3,68.6,point
2025-06-29 04:20:00 AM,77.0,75.5,79.2,68.7,point
2025-06-29 04:40:00 AM,76.8,75.6,78.4,68.5,point
2025-06-29 05:00:00 AM,76.6,76.0,78.3,68.5,point
2025-06-29 05:20:00 AM,76.3,76.3,77.9,68.3,point
2025-06-29 05:40:00 AM,76.2,76.7,77.9,68.3,point
2025-06-29 06:00:00 AM,76.1,77.2,77.7,68.4,point
2025-06-29 06:20:00 AM,75.9,77.4,77.7,68.3,point
2025-06-29 06:40:00 AM,75.8,78.0,77.7,68.5,point
2025-06-29 07:00:00 AM,75.8,78.9,77.7,68.8,point
2025-06-29 07:20:00 AM,75.9,79.3,77.9,69.0,point
2025-06-29 07:40:00 AM,76.1,80.2,78.3,69.6,point
2025-06-29 08:00:00 AM,76.5,80.5,78.8,70.0,point
2025-06-29 08:20:00 AM,77.0,81.1,80.1,70.8,point
2025-06-29 08:40:00 AM,77.7,82.0,81.3,71.8,point
2025-06-29 09:00:00 AM,78.5,82.8,83.3,72.9,point
2025-06-29 09:20:00 AM,79.6,82.4,85.5,73.8,point
2025-06-29 09:40:00 AM,80.9,81.8,88.0,74.8,point
2025-06-29 10:00:00 AM,82.6,80.8,91.0,76.1,point
2025-06-29 10:20:00 AM,84.4,79.2,96.1,77.2,point
2025-06-29 10:40:00 AM,86.6,74.3,99.9,77.4,point
2025-06-29 11:00:00 AM,88.8,70.5,103.8,77.9,point
2025-06-29 11:20:00 AM,91.0,65.4,107.4,77.8,point
2025-06-29 11:40:00 AM,93.0,60.1,109.6,77.1,point
2025-06-29 12:00:00 PM,94.8,56.8,112.5,77.1,point
2025-06-29 12:20:00 PM,96.4,51.5,112.5,75.6,point
2025-06-29 12:40:00 PM,98.1,49.1,115.2,75.7,point
2025-06-29 01:00:00 PM,99.5,45.1,115.0,74.4,point
2025-06-29 01:20:00 PM,100.7,45.0,117.5,75.4,point
2025-06-29 01:40:00 PM,100.3,44.7,116.4,74.9,point
2025-06-29 02:00:00 PM,99.4,44.3,113.7,73.8,point
2025-06-29 02:20:00 PM,97.7,45.1,110.8,72.9,point
2025-06-29 02:40:00 PM,94.9,48.1,106.3,72.2,point
2025-06-29 03:00:00 PM,92.0,53.3,102.9,72.6,point
2025-06-29 03:20:00 PM,91.0,54.9,101.3,72.5,point
2025-06-29 03:40:00 PM,90.6,55.0,100.4,72.2,point
2025-06-29 04:00:00 PM,90.4,57.0,101.1,73.1,point
2025-06-29 04:20:00 PM,92.4,55.6,105.3,74.2,point
2025-06-29 04:40:00 PM,94.8,54.1,110.1,75.6,point
2025-06-29 05:00:00 PM,97.2,52.2,115.3,76.7,point
2025-06-29 05:20:00 PM,99.0,47.9,116.2,75.8,point
2025-06-29 05:40:00 PM,99.6,46.0,115.9,75.1,point
2025-06-29 06:00:00 PM,99.2,45.5,114.4,74.4,point
2025-06-29 06:20:00 PM,98.3,45.7,112.6,73.7,point
2025-06-29 06:40:00 PM,97.2,46.7,110.8,73.4,point
2025-06-29 07:00:00 PM,96.7,48.4,111.0,74.0,point
2025-06-29 07:20:00 PM,96.8,47.7,110.5,73.6,point
2025-06-29 07:40:00 PM,96.2,47.2,108.7,72.8,point
2025-06-29 08:00:00 PM,95.0,47.8,106.5,72.1,point
2025-06-29 08:20:00 PM,93.8,48.8,104.4,71.6,point
2025-06-29 08:40:00 PM,92.7,50.8,103.1,71.7,point
2025-06-29 09:00:00 PM,91.2,52.7,101.1,71.6,point
2025-06-29 09:20:00 PM,89.8,54.5,98.6,71.2,point
2025-06-29 09:40:00 PM,88.5,56.7,96.6,71.2,point
2025-06-29 10:00:00 PM,87.5,58.4,95.0,71.1,point
2025-06-29 10:20:00 PM,86.6,59.5,93.6,70.8,point
2025-06-29 10:40:00 PM,85.9,61.0,92.7,70.8,point
2025-06-29 11:00:00 PM,85.2,61.9,91.6,70.7,point
2025-06-29 11:20:00 PM,84.6,62.7,90.7,70.5,point
2025-06-29 11:40:00 PM,84.1,63.4,89.6,70.3,point
2025-06-30 12:00:00 AM,83.5,63.9,88.7,70.0,point
2025-06-30 12:20:00 AM,83.0,64.5,87.6,69.8,point
2025-06-30 12:40:00 AM,82.6,65.1,87.1,69.7,point
2025-06-30 01:00:00 AM,82.2,66.1,86.2,69.7,point
2025-06-30 01:20:00 AM,81.8,66.8,85.8,69.6,point
2025-06-30 01:40:00 AM,81.4,67.6,85.5,69.6,point
2025-06-30 02:00:00 AM,81.1,68.5,84.9,69.7,point
2025-06-30 02:20:00 AM,80.8,68.8,84.7,69.6,point
2025-06-30 02:40:00 AM,80.5,69.1,84.2,69.4,point
2025-06-30 03:00:00 AM,80.1,69.8,83.8,69.3,point
2025-06-30 03:20:00 AM,79.8,70.6,83.3,69.3,point
2025-06-30 03:40:00 AM,79.5,71.8,82.9,69.6,point
2025-06-30 04:00:00 AM,79.3,72.3,82.6,69.6,point
2025-06-30 04:20:00 AM,79.0,72.7,82.4,69.5,point
2025-06-30 04:40:00 AM,78.6,73.2,81.9,69.3,point
2025-06-30 05:00:00 AM,78.4,73.7,81.3,69.3,point
2025-06-30 05:20:00 AM,78.2,74.6,81.0,69.5,point
2025-06-30 05:40:00 AM,78.0,74.9,80.8,69.3,point
2025-06-30 06:00:00 AM,77.8,75.4,80.6,69.4,point
2025-06-30 06:20:00 AM,77.5,75.7,79.9,69.3,point
2025-06-30 06:40:00 AM,77.4,76.7,80.1,69.4,point
2025-06-30 07:00:00 AM,77.3,77.3,79.7,69.6,point
2025-06-30 07:20:00 AM,77.3,78.2,79.9,70.0,point
2025-06-30 07:40:00 AM,77.5,79.3,80.6,70.6,point
2025-06-30 08:00:00 AM,77.9,80.0,81.3,71.2,point
2025-06-30 08:20:00 AM,78.3,80.9,82.6,72.0,point
2025-06-30 08:40:00 AM,79.0,81.4,84.0,72.8,point
2025-06-30 09:00:00 AM,80.3,82.3,86.9,74.4,point
2025-06-30 09:20:00 AM,82.0,79.6,89.6,75.1,point
2025-06-30 09:40:00 AM,83.8,78.6,93.9,76.5,point
2025-06-30 10:00:00 AM,85.9,75.0,98.1,77.1,point
2025-06-30 10:20:00 AM,87.8,72.2,102.0,77.8,point
2025-06-30 10:40:00 AM,89.5,68.7,105.3,77.8,point
2025-06-30 11:00:00 AM,91.1,65.9,108.1,78.2,point
2025-06-30 11:20:00 AM,92.8,65.0,112.1,79.2,point
2025-06-30 11:40:00 AM,94.3,59.3,112.1,77.8,point
2025-06-30 12:00:00 PM,95.2,55.9,112.3,76.9,point
2025-06-30 12:20:00 PM,95.7,57.2,115.2,78.1,point
2025-06-30 12:40:00 PM,96.8,58.0,118.9,79.6,point
2025-06-30 01:00:00 PM,98.6,54.8,121.1,79.4,point
2025-06-30 01:20:00 PM,99.7,49.2,119.3,77.3,point
2025-06-30 01:40:00 PM,100.0,47.0,117.7,76.2,point
2025-06-30 02:00:00 PM,100.1,45.9,117.1,75.5,point
2025-06-30 02:20:00 PM,100.9,45.5,118.6,75.9,point
2025-06-30 02:40:00 PM,101.5,42.3,117.7,74.3,point
2025-06-30 03:00:00 PM,101.1,42.6,116.8,74.1,point
2025-06-30 03:20:00 PM,100.7,41.6,114.8,73.1,point
2025-06-30 03:40:00 PM,100.7,41.7,114.8,73.2,point
2025-06-30 04:00:00 PM,100.6,41.0,114.1,72.5,point
2025-06-30 04:20:00 PM,100.1,40.0,112.3,71.4,point
2025-06-30 04:40:00 PM,99.8,39.9,111.4,71.1,point
2025-06-30 05:00:00 PM,99.9,39.7,111.7,71.0,point
2025-06-30 05:20:00 PM,100.3,39.7,112.5,71.3,point
2025-06-30 05:40:00 PM,100.7,39.0,112.6,71.1,point
2025-06-30 06:00:00 PM,100.7,39.8,113.5,71.8,point
2025-06-30 06:20:00 PM,100.2,40.3,113.0,71.7,point
2025-06-30 06:40:00 PM,99.3,41.2,111.2,71.6,point
2025-06-30 07:00:00 PM,98.3,42.3,110.1,71.4,point
2025-06-30 07:20:00 PM,97.2,43.4,108.5,71.2,point
2025-06-30 07:40:00 PM,96.3,44.9,107.4,71.4,point
2025-06-30 08:00:00 PM,95.5,46.5,106.5,71.7,point
2025-06-30 08:20:00 PM,94.6,47.9,105.3,71.8,point
2025-06-30 08:40:00 PM,93.7,49.1,104.0,71.7,point
2025-06-30 09:00:00 PM,92.8,50.5,103.1,71.7,point
2025-06-30 09:20:00 PM,92.0,51.9,102.2,71.8,point
2025-06-30 09:40:00 PM,91.1,53.4,100.9,71.8,point
2025-06-30 10:00:00 PM,90.3,54.3,99.3,71.5,point
2025-06-30 10:20:00 PM,89.4,55.1,97.7,71.2,point
2025-06-30 10:40:00 PM,88.6,56.2,96.4,71.0,point
2025-06-30 11:00:00 PM,87.9,57.1,95.2,70.8,point
2025-06-30 11:20:00 PM,87.2,58.0,94.1,70.6,point
2025-06-30 11:40:00 PM,86.6,59.0,93.4,70.6,point
2025-07-01 12:00:00 AM,86.0,60.1,92.3,70.5,point
2025-07-01 12:20:00 AM,85.4,61.5,91.8,70.6,point
2025-07-01 12:40:00 AM,84.8,62.6,90.9,70.6,point
2025-07-01 01:00:00 AM,84.2,63.3,90.0,70.4,point
2025-07-01 01:20:00 AM,83.8,64.2,89.2,70.3,point
2025-07-01 01:40:00 AM,83.2,65.2,88.3,70.4,point
2025-07-01 02:00:00 AM,82.8,66.2,87.8,70.3,point
2025-07-01 02:20:00 AM,82.3,67.7,87.1,70.6,point
2025-07-01 02:40:00 AM,82.0,68.7,86.5,70.7,point
2025-07-01 03:00:00 AM,81.5,69.5,85.8,70.5,point
2025-07-01 03:20:00 AM,81.1,70.5,85.5,70.6,point
2025-07-01 03:40:00 AM,80.7,71.1,84.9,70.5,point
2025-07-01 04:00:00 AM,80.3,71.9,84.6,70.4,point
2025-07-01 04:20:00 AM,80.0,72.4,84.0,70.3,point
2025-07-01 04:40:00 AM,79.6,73.2,83.5,70.3,point
2025-07-01 05:00:00 AM,79.4,73.5,83.3,70.2,point
2025-07-01 05:20:00 AM,79.1,73.8,82.6,70.0,point
2025-07-01 05:40:00 AM,78.8,74.2,82.2,69.9,point
2025-07-01 06:00:00 AM,78.5,74.6,81.7,69.7,point
2025-07-01 06:20:00 AM,78.2,75.2,81.1,69.7,point
2025-07-01 06:40:00 AM,78.0,75.8,81.0,69.8,point
2025-07-01 07:00:00 AM,77.9,76.8,80.8,70.0,point
2025-07-01 07:20:00 AM,77.8,78.3,81.0,70.5,point
2025-07-01 07:40:00 AM,78.0,79.3,81.7,71.0,point
2025-07-01 08:00:00 AM,78.2,79.5,82.0,71.3,point
2025-07-01 08:20:00 AM,78.4,79.7,82.4,71.6,point
2025-07-01 08:40:00 AM,78.8,79.5,83.1,71.9,point
2025-07-01 09:00:00 AM,79.1,79.2,83.7,72.1,point
2025-07-01 09:20:00 AM,79.5,79.1,84.4,72.4,point
2025-07-01 09:40:00 AM,80.1,80.1,86.0,73.4,point
2025-07-01 10:00:00 AM,81.4,79.5,88.5,74.5,point
2025-07-01 10:20:00 AM,83.3,77.4,92.5,75.5,point
2025-07-01 10:40:00 AM,79.8,34.1,77.0,49.0,point